pdb_id,chain_id,wild_residue,mutant_reside_num,mutant_resiude,mutation,SolventAcc,Volume,inv_pdb_id,inv_chain_id,inv_wild_residue,inv_mutant_residue_num,inv_mutant_residue,inv_mutation,inv_SolventAcc,inv_Volume,ddG,PubMed ID,Condition pH,Condition T (Â°C),DIRECT,INVERSE,DIRECT.1,INVERSE.1,DIRECT.2,INVERSE.2,DIRECT.3,INVERSE.3,DIRECT.4,INVERSE.4,DIRECT.5,INVERSE.5,DIRECT.6,INVERSE.6,DIRECT.7,INVERSE.7,DIRECT.8,INVERSE.8,DIRECT.9,INVERSE.9,DIRECT.10,INVERSE.10,DIRECT.11,INVERSE.11,DIRECT.12,INVERSE.12,DIRECT.13,INVERSE.13,DIRECT.14,INVERSE.14,wild_seq_len,mutant_seq_len,wild_ss_type,mutant_ss_type,mutation_type
1amq,A,CYS,191,TYR,C191Y,4.4,106.6,1qir,A,TYR,191,CYS,Y191C,7.7,-106.6,2.3,10708649,7.5,25,-0.15,-0.01,0.12,-0.64,-0.71,-1.97,6.04,-10.46,-1.583,-1.372,-1.127,-1.497,-4.19,2.98,0.19,0.32,1.83,0.77,-0.43,-0.65,-1.47,-2.09,-,-,-1.64,0.61,-1.39,0.81,-7.87,0.66,396.0,396.0,S,S,stabilizing
1amq,A,CYS,191,PHE,C191F,4.4,99.2,1qis,A,PHE,191,CYS,F191C,9.3,-99.2,1.6,10708649,7.5,25,-0.01,0.05,0.03,-0.68,-0.69,-1.91,6.11,-11.37,-1.378,-1.661,-1.005,-1.612,-2.3,1.21,0.1,0.37,1.27,-0.13,-0.34,-0.93,-1.29,-2.33,-,-,-0.14,-1.71,-0.9,0.16,-14.29,-2.07,396.0,396.0,S,S,stabilizing
1amq,A,CYS,191,TRP,C191W,4.4,130.0,1qit,A,TRP,191,CYS,W191C,7.9,-130.0,3.9,10708649,7.5,25,0.04,-0.12,0.09,-0.77,-0.82,-2.4,2.08,-9.69,-1.624,-1.615 ,-1.398,-1.836,-2.81,1.34,0.12,0.46,1.15,0.41,-0.59,-0.6,-1.39,-2.31,-,-,-1.75,-0.01,-1.71,-0.67,-6.29,-2.19,396.0,396.0,S,S,stabilizing
1amq,A,CYS,191,SER,C191S,4.4,-7.5,5eaa,A,SER,191,CYS,S191C,3.8,7.5,1.9,10708649,7.5,25,-0.33,0.23,-0.09,-0.29,-1.36,-0.34,6.16,-11.93,-1.776,-0.76,-1.649,-0.851,-3.83,2.94,-0.11,0.07,2.13,-0.58,-0.95,-0.33,-2.04,-1.58,-,-,0.03,-0.13,-1.4,-0.22,-3.63,-1.64,396.0,396.0,S,S,stabilizing
1bni,A,PHE,7,LEU,F7L,11.6,-33.7,1brg,A,LEU,7,PHE,L7F,19.2,33.7,4.1,3386721,6.2,25,-0.15,-0.14,-1.67,-1.36,-1.1,-0.81,0.08,-1.1,-1.203,-1.3,-1.199,-1.122,0.29,-0.29,-2.9,-1.84,2.0,1.19,-4.5,-2.07,0.88,-0.96,-2.74,-0.56,-0.74,0.43,-2.16,-0.90,-2.59,-4.80,108.0,108.0,H,H,stabilizing
1bni,A,LEU,14,ALA,L14A,0.0,-80.0,1brh,A,ALA,14,LEU,A14L,1.6,80.0,4.5,1569557,6.3,25,-1.27,1.68,-3.69,-0.44,-3.09,0.47,-3.18,0.92,-2.904,0.809,-2.583,0.631,-2.34,0.04,-4.03,0.48,3.0,0.87,-4.3,-0.52,-2.54,1.25,-3.91,-1.30,-2.90,3.13,-3.4,-0.94,-4.92,-,108.0,108.0,H,H,stabilizing
1bni,A,THR,26,ALA,T26A,21.1,-41.0,1bns,A,ALA,26,THR,A26T,13.7,41.0,1.7,1569557,6.3,25,-1.22,1.09,-1.73,-0.82,-1.66,0.16,-0.98,-1.05,-0.968,-1.013,-0.914,-1.028,0.98,-0.97,-2.17,-1.01,1.37,0.23,-2.01,-1.42,-0.84,0.97,-1.75,-0.18,0.75,-1.10,-2.06,-0.77,0.24,-1.40,108.0,108.0,-,-,stabilizing
1bni,A,ILE,51,VAL,I51V,0.0,-20.4,1bsa,A,VAL,51,ILE,V51I,0.6,20.4,1.1,1569557,6.3,25,-0.37,0.53,-1.38,-0.22,-1.42,-0.38,-1.47,-3.54,-1.772,-0.579,-1.766,-0.701,-0.83,-0.26,-1.7,-0.52,1.59,0.39,-1.9,-0.8,-0.51,0.77,-2.24,-1.55,-0.75,1.33,-1.51,-0.72,-1.50,0.51,108.0,107.0,E,E,stabilizing
1bni,A,ILE,76,ALA,I76A,0.0,-72.6,1bri,A,ALA,76,ILE,A76I,0.0,72.6,1.7,1569557,6.3,25,-0.5,0.87,-3.17,-0.57,-2.74,0.36,-0.04,-2.6,-3.205,-,-2.76,-0.324,-3.45,-,-3.16,-0.74,1.94,0.08,-1.87,-0.19,-2.03,1.16,-2.29,-1.48,-2.66,-0.70,-3.32,-,-1.70,-,108.0,108.0,-,-,stabilizing
1bni,A,ILE,76,VAL,I76V,0.0,-20.4,1bsb,A,VAL,76,ILE,V76I,0.0,20.4,1.0,1569557,6.3,25,0.21,-0.15,-1.19,-0.98,-1.01,-0.85,-0.92,-1.05,-2.083,-1.078,-1.824,-1.071,-1.28,0.2,-1.08,-0.93,1.2,0.49,-0.71,-0.25,0.02,0.24,-0.87,-1.24,-0.03,0.55,-1.07,-1.19,-0.65,-0.05,108.0,108.0,-,-,stabilizing
1bni,A,TYR,78,PHE,Y78F,3.5,-7.4,1bao,A,PHE,78,TYR,F78Y,3.2,7.4,1.1,1569557,6.3,25,1.11,-0.6,-1.32,-1.11,-0.65,-1.0,-1.12,-1.19,-1.319,-,-1.295,-0.676,1.27,-,-1.28,-1.06,1.44,1.62,-1.4,-1.49,-0.04,0.3,-1.13,-1.48,-0.39,0.34,-1.86,-1.52,0.28,0.61,108.0,108.0,-,-,stabilizing
1bni,A,ILE,88,ALA,I88A,0.0,-72.6,1brj,A,ALA,88,ILE,A88I,0.3,72.6,4.0,1569557,6.3,25,-2.42,1.93,-3.3,-0.46,-3.84,1.05,-2.89,1.01,-3.288,-,-2.881,0.811,-3.25,-,-2.83,-0.14,4.29,-0.77,-4.0,-0.26,-3.33,1.31,-3.88,-0.43,-3.62,2.26,-3.38,-1.67,-5.45,-,108.0,108.0,E,E,stabilizing
1bni,A,ILE,88,VAL,I88V,0.0,-20.4,1bsc,A,VAL,88,ILE,V88I,0.0,20.4,1.6,1569557,6.3,25,0.2,-0.24,-1.21,-0.75,-1.01,-1.01,-1.83,-3.05,-1.759,-0.624,-1.754,-0.742,-0.83,-0.26,-1.33,-0.3,1.88,1.19,-1.37,-0.96,-0.11,1.07,-1.37,-0.79,-0.64,0.80,-1.01,-1.16,-2.44,1.99,108.0,108.0,E,E,stabilizing
1bni,A,LEU,89,VAL,L89V,0.0,-27.7,1bse,A,VAL,89,LEU,V89L,0.0,27.7,0.5,1569557,6.3,25,0.19,-0.41,-1.61,-1.09,-1.15,-1.2,0.72,-3.55,-1.66,-0.441,-1.668,-0.574,-0.39,-0.79,-1.37,-0.67,1.16,0.72,-0.4,-0.89,0.16,0.58,-0.92,-1.25,0.22,0.51,-1.21,-1.23,1.67,-1.70,108.0,108.0,E,E,stabilizing
1bni,A,SER,91,ALA,S91A,1.6,-6.9,1ban,A,ALA,91,SER,A91S,1.2,6.9,2.4,1569557,6.3,25,-0.93,0.7,-1.47,-1.0,-1.36,-0.11,-2.47,-3.13,-0.826,-0.955,-0.938,-0.972,1.85,-2.32,-1.72,1.11,0.88,0.38,-1.28,-0.74,1.88,-0.07,-1.30,-0.57,-2.02,0.24,-1.83,-1.55,-0.07,0.89,108.0,108.0,E,E,stabilizing
1bni,A,ILE,96,ALA,I96A,0.0,-72.6,1brk,A,ALA,96,ILE,A96I,2.0,72.6,3.2,1569557,6.3,25,-1.04,1.05,-3.42,-0.63,-3.05,0.26,-3.86,0.55,-3.363,0.414,-2.954,0.227,-3.25,1.0,-3.89,-0.62,2.8,0.15,-3.42,-0.35,-2.98,1.25,-3.37,-0.73,-4.21,0.88,-2.98,-0.69,-5.47,4.46,108.0,108.0,E,E,stabilizing
1bni,A,ILE,96,VAL,I96V,0.0,-20.4,1bsd,A,VAL,96,ILE,V96I,0.5,20.4,3.1,1569557,6.3,25,0.12,-0.17,-1.1,-0.54,-1.14,-0.91,-1.74,-3.53,-1.875,-0.394,-1.858,-0.534,-0.83,-0.26,-1.09,-0.23,1.89,0.5,-1.07,-0.9,0.79,0.88,-1.02,-0.98,-0.61,0.52,-0.98,-0.84,-1.39,0.65,108.0,107.0,E,E,stabilizing
1cey,A,ASP,12,ALA,D12A,6.5,-41.0,1e6k,A,ALA,12,ASP,A12D,0.7,41.0,-2.5,11023787,7.0,25,0.56,-0.36,-1.6,-1.64,-0.59,-1.57,-2.72,2.1,-0.521,-3.285,-0.471,-3.076,0.61,-2.48,-1.44,1.03,-1.37,0.78,-1.86,-1.12,-1.32,-2.42,-1.13,-,1.02,-8.99,1.67,-0.66,-,-6.97,128.0,130.0,-,-,destabilizing
1cey,A,ASP,13,ALA,D13A,37.2,-41.0,1e6l,A,ALA,13,ASP,A13D,18.5,41.0,-2.7,11023787,7.0,25,-0.27,0.14,-0.22,-1.0,-0.39,-0.92,1.46,-1.19,-0.219,-1.413,-0.29,-1.518,0.72,-0.44,-0.33,-0.86,-0.73,0.01,-1.23,-0.78,-0.28,-1.6,-0.60,-1.33,1.76,-0.95,-,-0.51,4.50,-4.01,128.0,127.0,-,S,destabilizing
1cey,A,ASP,57,ALA,D57A,8.3,-41.0,1e6m,A,ALA,57,ASP,A57D,7.4,41.0,-3.3,11023787,7.0,25,0.48,-1.02,-1.35,-1.75,-0.31,-1.89,-3.18,1.94,0.047,-1.891,-0.12,-1.853,3.54,-2.23,-1.35,-1.63,0.6,1.0,-1.17,-0.65,-0.12,-2.48,-2.39,-1.93,2.31,-3.15,-,-0.44,3.82,-,128.0,128.0,-,E,destabilizing
1ey0,A,THR,22,CYS,T22C,6.4,-26.5,2exz,A,CYS,22,THR,C22T,6.2,26.5,0.9,7577991,7.0,20,-0.49,0.21,-1.24,-0.9,-1.06,-1.12,-6.48,7.13,-0.622,-1.348,-0.802,-1.273,4.48,-4.48,-1.15,-0.66,0.35,1.16,-0.31,-0.89,-0.38,-1.51,-0.34,0.44,-0.86,0.45,-0.96,-1.86,1.09,0.06,136.0,135.0,E,E,stabilizing
1ey0,A,THR,22,VAL,T22V,6.4,11.3,2ey1,A,VAL,22,THR,V22T,7.2,-11.3,0.9,7577991,7.0,20,-0.62,0.6,-0.77,-2.08,-0.87,-0.64,0.16,-1.06,-0.028,-1.98,-0.25,-1.912,3.25,-3.24,-0.76,-1.68,0.64,0.86,0.24,-1.09,-0.52,-1.32,-0.43,-1.48,-0.08,0.45,-0.79,-1.99,0.44,-0.06,136.0,136.0,E,E,stabilizing
1ey0,A,VAL,23,LEU,V23L,0.7,27.7,2f0e,A,LEU,23,VAL,L23V,0.2,-27.7,0.1,11705391,7.0,20,-0.73,0.26,-0.82,-1.72,-1.11,-1.05,-1.69,-2.82,-0.539,-1.644,-0.663,-1.653,-0.79,-0.39,-0.84,-1.4,0.62,2.17,-0.88,-1.22,-0.68,-1.48,-1.15,-1.21,1.68,-1.77,-1.32,-1.6,-0.04,-1.41,136.0,135.0,E,E,stabilizing
1ey0,A,LEU,25,ILE,L25I,0.2,-7.3,2f0f,A,ILE,25,LEU,I25L,0.0,7.3,1.7,11705391,7.0,20,0.39,-0.39,-0.99,-0.65,-0.75,-0.83,-2.46,-1.48,-1.134,-1.132,-1.202,-1.196,0.43,-0.59,-1.08,-0.86,1.32,1.62,-0.83,-0.38,-0.89,-1.24,-1.32,-1.41,-2.55,0.33,-1.5,-1.11,-4.89,3.03,136.0,136.0,E,E,stabilizing
1ey0,A,THR,33,VAL,T33V,24.2,11.3,1ey5,A,VAL,33,THR,V33T,26.7,-11.3,-0.4,7577991,7.0,20,-0.11,0.19,-1.19,-1.74,-0.53,-0.41,1.52,0.07,-0.449,-1.496,-0.527,-1.617,1.65,-1.65,-1.16,1.48,0.32,0.87,-0.55,-1.76,-0.03,-1.25,-0.56,-2.08,0.58,-0.82,-0.77,-2.18,2.71,-1.76,136.0,135.0,E,E,destabilizing
1ey0,A,THR,41,CYS,T41C,4.8,-26.5,2ey2,A,CYS,41,THR,C41T,7.2,26.5,-0.6,7577991,7.0,20,0.72,-1.22,-0.79,-0.5,-0.42,-1.83,-9.0,7.13,-0.872,-0.591,-0.984,-0.44,4.84,-5.06,-0.85,0.49,-0.09,0.51,-0.94,-2.13,0.23,-1.82,-1.29,0.72,-0.01,-1.77,-0.83,-1.63,1.49,-0.58,136.0,136.0,-,-,destabilizing
1ey0,A,THR,41,ILE,T41I,4.8,31.6,1ey6,A,ILE,41,THR,I41T,3.9,-31.6,-0.7,11023780,7.0,20,0.34,-0.45,-0.07,-2.2,-0.14,-1.94,-4.85,3.07,0.297,-2.674,0.14,-2.44,3.08,-4.53,-0.22,1.9,-0.53,1.35,-0.57,-2.81,-0.26,-2.03,-0.34,-1.16,-0.17,0.07,-0.59,-,-2.21,2.68,136.0,135.0,-,-,destabilizing
1ey0,A,THR,41,SER,T41S,4.8,-34.0,2ey5,A,SER,41,THR,S41T,6.5,34.0,1.1,7577991,7.0,20,0.17,-0.23,-0.87,-0.42,-1.5,-0.57,-4.98,2.38,-1.323,-0.627,-1.161,-0.676,-1.16,0.05,-1.08,0.4,0.44,-0.18,-1.11,-1.54,-1.4,-0.65,-0.22,-0.14,-0.48,0.58,-1.34,-0.87,0.02,1.28,136.0,135.0,-,-,stabilizing
1ey0,A,THR,41,VAL,T41V,4.8,11.3,2ey6,A,VAL,41,THR,V41T,4.1,-11.3,-0.8,7577991,7.0,20,0.42,-0.56,-0.44,-1.43,-0.21,-1.58,-3.91,1.06,0.1,-2.138,-0.038,-1.977,2.54,-3.14,-0.5,1.22,0.24,0.77,-0.65,-2.42,-0.18,-1.74,-0.31,-1.03,0.95,-2.62,-0.83,-,-0.16,-3.96,136.0,135.0,-,-,destabilizing
1ey0,A,THR,44,VAL,T44V,24.9,11.3,2eyf,A,VAL,44,THR,V44T,26.1,-11.3,-0.1,7577991,7.0,20,0.27,-0.17,-0.47,-0.66,-0.14,-0.97,0.63,-1.29,-0.334,-1.227,-0.288,-1.339,0.26,-0.25,-0.91,-0.84,0.34,0.56,-0.68,-1.36,-0.3,-1.06,-0.45,-1.18,0.36,-0.38,-0.55,-1.39,-1.56,-0.52,136.0,135.0,S,S,destabilizing
1ey0,A,SER,59,ALA,S59A,19.0,-6.9,1ey4,A,ALA,59,SER,A59S,17.1,6.9,-0.5,11023780,7.0,20,0.49,-0.61,-0.51,-0.89,-0.11,-1.32,-0.01,-1.69,0.359,-1.348,0.102,-1.365,2.45,-2.44,-0.4,0.95,0.13,1.07,-0.65,-0.9,-0.05,-1.41,-0.24,-1.70,0.29,-0.30,-0.18,-,1.51,-2.46,136.0,136.0,H,H,destabilizing
1ey0,A,THR,62,SER,T62S,0.5,-34.0,2eyh,A,SER,62,THR,S62T,6.9,34.0,2.1,7577991,7.0,20,-0.44,0.47,-1.35,-0.52,-1.51,-0.45,-0.45,-1.18,-1.92,-0.569,-1.714,-0.808,-1.65,0.54,-2.19,-0.61,2.6,0.69,-2.05,-1.43,-2.5,0.14,-2.01,-0.16,-1.49,1.59,-1.74,-2.01,-3.70,1.42,136.0,135.0,H,H,stabilizing
1ey0,A,THR,62,VAL,T62V,0.5,11.3,2eyj,A,VAL,62,THR,V62T,0.0,-11.3,0.2,7577991,7.0,20,1.76,-1.63,-0.76,-1.51,0.39,-2.22,2.69,-4.81,-0.407,-2.567,-0.603,-2.412,2.45,-3.05,-0.87,-2.2,1.42,2.76,-1.76,-2.19,0.09,-2.5,-1.82,-2.45,-0.24,-2.23,-0.59,-2.2,0.32,-1.33,136.0,136.0,H,H,stabilizing
1ey0,A,VAL,66,ILE,V66I,2.2,20.4,2f0g,A,ILE,66,VAL,I66V,3.6,-20.4,1.0,11705391,7.0,20,0.4,-0.27,0.0,-1.04,-0.53,-1.32,-1.04,-0.83,-0.851,-1.826,-0.938,-1.678,-0.1,-0.98,-0.35,-1.08,0.83,1.14,0.53,-0.43,-0.23,-2.08,0.26,-0.87,0.32,-1.07,-0.96,-1.1,0.14,-1.19,136.0,135.0,H,H,stabilizing
1ey0,A,VAL,66,LEU,V66L,2.2,27.7,2f0h,A,LEU,66,VAL,L66V,2.2,-27.7,0.3,11705391,7.0,20,0.83,-1.17,-0.25,-1.62,-0.31,-1.61,-2.1,0.87,-0.85,-1.996,-0.938,-1.801,0.2,-1.38,0.3,-1.22,0.7,2.42,0.7,-0.77,0.15,-2.55,0.28,-0.99,1.78,-3.63,-0.94,-1.71,5.45,-3.97,136.0,135.0,H,H,stabilizing
1ey0,A,VAL,66,LYS,V66K,2.2,27.7,2snm,A,LYS,66,VAL,K66V,1.5,-27.7,7.5,1920420,7.0,20,-2.34,2.17,-1.27,-0.76,-2.18,0.61,-1.48,3.2,-2.03,-0.039,-1.851,-0.223,-4.87,3.03,-1.44,-0.9,2.75,0.29,-0.64,0.28,-2.97,0.06,-1.64,-0.87,-1.81,1.40,-3.63,-0.28,-9.22,6.59,136.0,135.0,H,H,stabilizing
1ey0,A,ILE,72,LEU,I72L,7.7,7.3,2f0i,A,LEU,72,ILE,L72I,8.0,-7.3,0.2,11705391,7.0,20,-0.82,0.64,-0.82,-1.08,-1.39,-0.2,-1.9,1.87,-1.039,-1.065,-1.113,-1.14,-0.59,0.43,-0.97,-0.91,1.14,1.3,-0.49,-0.43,-1.09,-0.65,-0.35,-0.77,0.20,-0.52,-1.14,-0.99,-1.09,0.37,136.0,136.0,E,E,stabilizing
1ey0,A,ILE,72,VAL,I72V,7.7,-20.4,2f0j,A,VAL,72,ILE,V72I,8.1,20.4,1.2,11705391,7.0,20,-0.11,-0.15,-0.97,-0.19,-1.18,-0.7,-1.95,2.21,-1.51,-0.764,-1.532,-0.868,-0.83,-0.26,-1.0,-0.21,1.05,0.99,-0.84,0.11,-1.03,-0.55,-0.80,-0.96,-1.24,1.16,-1.48,-1.16,-2.33,1.77,136.0,135.0,E,E,stabilizing
1ey0,A,THR,82,SER,T82S,52.6,-34.0,2eyl,A,SER,82,THR,S82T,52.8,34.0,0.7,7577991,7.0,20,-0.07,0.1,-0.38,-0.15,-0.18,-0.2,-0.2,-0.87,-0.421,-0.174,-0.566,-0.358,-0.32,0.33,-0.84,-0.55,0.54,0.32,-1.14,-1.15,-0.6,-0.3,-0.82,-0.51,-0.63,0.15,-0.72,-0.9,-1.69,-0.30,136.0,136.0,B,B,stabilizing
1ey0,A,ILE,92,VAL,I92V,0.5,-20.4,2f0d,A,VAL,92,ILE,V92I,0.7,20.4,0.4,11705391,7.0,20,-0.37,0.3,-0.9,-0.24,-1.53,-0.43,-1.1,-3.55,-1.692,-0.607,-1.694,-0.727,-0.83,-0.26,-1.15,-0.42,1.35,1.4,-1.24,-0.77,-1.51,-0.53,-1.02,-0.87,-0.90,0.49,-1.5,-1.21,-1.17,0.27,136.0,136.0,E,E,stabilizing
1ey0,A,LYS,116,GLY,K116G,73.0,-102.2,1kab,A,GLY,116,LYS,G116K,39.3,102.2,-1.0,8639591,7.0,20,0.3,-2.12,-0.58,-0.91,0.19,-2.36,-3.33,-3.35,-0.241,-0.657,-0.255,-0.79,-0.65,-2.47,-0.49,0.97,0.08,1.41,-1.4,-1.06,0.56,-0.96,-0.51,-0.76,-0.74,-3.48,-0.04,-,-0.29,-8.01,136.0,136.0,T,S,destabilizing
1ey0,A,PRO,117,ALA,P117A,39.8,-41.0,1syg,A,ALA,117,PRO,A117P,46.3,41.0,-0.8,1610820,7.0,20,-1.99,-1.06,-1.3,-0.2,-1.84,-1.16,-0.43,-1.05,-0.917,-1.101,-0.974,-0.594,0.44,-9.52,-0.97,-0.28,0.08,0.38,-1.63,-1.18,0.14,0.29,-0.77,-0.11,-2.53,-2.38,-0.95,-1.15,-2.94,-,136.0,136.0,T,T,destabilizing
1ey0,A,PRO,117,GLY,P117G,39.8,-63.2,1syc,A,GLY,117,PRO,G117P,38.1,63.2,-0.9,1610820,7.0,20,-1.21,-2.45,-2.07,-0.7,-1.51,-2.61,-0.38,-3.23,-1.012,-0.892,-1.138,-0.617,2.27,-6.25,-1.68,-0.84,1.33,0.54,-1.6,-1.2,-0.53,-0.42,-0.76,-0.64,-1.00,-6.11,-0.99,-1.29,-3.08,-,136.0,136.0,T,T,destabilizing
1ey0,A,PRO,117,THR,P117T,39.8,0.0,1sye,A,THR,117,PRO,T117P,42.8,0.0,-1.1,8448112,7.0,0,-1.61,-0.39,-1.23,-0.63,-1.21,-0.55,-1.05,-0.58,-0.679,-0.257,-0.778,-0.312,-0.21,0.21,-0.83,-0.6,1.3,0.47,-0.93,-1.64,0.09,-0.1,-0.73,-1.22,-2.77,2.02,-1.02,-0.88,-2.23,1.59,136.0,136.0,T,T,destabilizing
1ey0,A,THR,120,CYS,T120C,38.8,-26.5,2eym,A,CYS,120,THR,C120T,36.7,26.5,1.7,7577991,7.0,20,0.05,0.03,-0.65,-0.13,-0.46,-0.2,-0.18,-1.1,-0.571,-1.888,-0.514,-1.765,1.91,-1.91,-0.88,-0.35,0.97,1.5,-0.77,-1.56,-0.59,-0.68,-0.90,0.34,-0.95,0.43,-1.07,-1.03,-2.22,1.52,136.0,135.0,T,T,stabilizing
1ey0,A,THR,120,SER,T120S,38.8,-34.0,2eyo,A,SER,120,THR,S120T,38.6,34.0,0.6,7577991,7.0,20,0.23,-0.2,-0.77,-0.21,-0.25,-0.56,-0.67,0.1,-1.455,-0.717,-1.29,-0.741,-1.07,1.07,-0.93,-0.44,1.43,0.7,-0.89,-0.92,-0.7,-0.49,-0.69,0.08,-0.50,1.22,-0.72,-1.07,1.20,1.43,136.0,135.0,T,T,stabilizing
1ey0,A,THR,120,VAL,T120V,38.8,11.3,2eyp,A,VAL,120,THR,V120T,35.4,-11.3,1.8,7577991,7.0,20,0.22,0.02,-0.25,-1.21,-0.15,-0.36,-0.64,-0.67,-0.62,-1.652,-0.456,-1.587,0.26,-0.25,-0.55,-0.84,1.24,1.52,-0.41,-1.71,-0.32,-0.66,-1.13,-0.79,0.33,-0.93,-0.82,-1.02,-3.70,1.85,136.0,136.0,T,T,stabilizing
1ey0,A,SER,128,ALA,S128A,7.6,-6.9,1ey7,A,ALA,128,SER,A128S,6.4,6.9,-0.7,11023780,7.0,20,0.33,0.2,-0.4,-0.9,-0.4,-0.88,-0.26,-1.14,-0.02,-1.974,-0.264,-1.873,3.09,-3.08,-0.45,-1.07,0.22,0.78,-0.48,-0.59,-0.05,-2.03,-0.18,-1.99,0.54,-0.76,-0.58,-,1.81,-1.24,136.0,135.0,H,H,destabilizing
1ihb,A,PHE,71,ASN,F71N,17.0,-67.7,1mx2,A,ASN,71,PHE,N71F,7.1,67.7,-0.7,12370184,7.5,23,-0.08,-0.06,-1.82,0.03,-1.54,-0.64,-2.87,-3.72,-1.077,-0.401,-1.057,0.029,-1.44,0.95,1.62,0.1,1.21,0.23,-1.31,-0.3,-1.63,-1.34,-1.86,0.04,-1.43,4.46,-,-0.57,-0.58,0.65,156.0,156.0,-,-,destabilizing
1ihb,A,PHE,82,GLN,F82Q,35.0,-45.8,1mx4,A,GLN,82,PHE,Q82F,32.0,45.8,0.4,12370184,7.5,23,-0.51,0.45,-1.36,0.31,-1.07,-0.06,-1.63,0.69,-0.175,-0.615,-0.195,-0.448,-1.4,2.69,-2.0,0.5,0.1,-0.05,-1.46,-0.35,-1.56,-1.28,-1.81,0.61,-1.80,0.00,-,-0.04,-2.80,0.67,156.0,156.0,-,-,stabilizing
1ihb,A,PHE,92,ASN,F92N,25.5,-67.7,1mx6,A,ASN,92,PHE,N92F,27.1,67.7,1.1,12370184,7.5,23,-0.38,0.31,-1.39,0.17,-1.58,-0.04,-2.2,0.84,-1.256,-1.017,-1.23,-0.706,0.09,1.29,-1.82,0.34,1.16,0.77,-1.99,-0.44,-2.7,0.38,-1.86,0.01,-1.98,1.02,-,-0.5,-5.82,3.03,156.0,156.0,T,T,stabilizing
1iob,A,THR,9,GLY,T9G,3.8,-63.2,1hib,A,GLY,9,THR,G9T,0.0,63.2,2.6,8394358,6.5,25,-1.06,1.39,-2.16,-1.14,-2.23,-0.11,-3.23,-1.63,-1.927,-1.444,-1.538,-1.621,-1.81,-0.48,-2.71,-0.72,3.27,0.48,-2.5,-1.63,-2.11,-0.32,-1.57,-,-1.08,-1.12,-1.67,-,-1.63,0.33,153.0,150.0,E,E,stabilizing
1l63,A,MET,6,ALA,M6A,0.0,-73.8,245l,A,ALA,6,MET,A6M,0.4,73.8,1.9,9514271,3.0,44,-1.28,0.28,-1.87,-0.41,-3.05,-0.23,-2.41,1.0,-2.754,0.185,-2.617,0.178,-2.33,-0.27,-1.24,-0.74,2.91,0.33,-2.0,-1.12,-1.66,0.24,-2.41,-2.90,-2.50,1.50,-2.41,-1.53,-2.09,-0.46,162.0,164.0,H,H,stabilizing
1l63,A,MET,6,LEU,M6L,0.0,6.1,230l,A,LEU,6,MET,L6M,0.7,-6.1,2.8,9541409,3.0,44,-0.47,0.14,-0.93,-1.18,-1.07,-0.9,-0.95,-1.51,-1.044,-1.06,-1.258,-,-0.01,-,-1.11,-1.21,1.58,1.27,-2.7,-1.27,-0.74,-0.77,-1.93,-1.19,-0.85,-0.76,-2.08,-1.83,-2.27,0.62,162.0,164.0,H,H,stabilizing
1l63,A,GLU,11,HIS,E11H,23.4,5.9,1qt6,A,HIS,11,GLU,H11E,20.7,-5.9,-0.1,26325080,5.4,65,0.5,-1.29,-0.46,-0.97,0.2,-1.84,-0.51,-0.45,-0.314,-0.949,-0.169,-0.993,-0.31,-0.19,-0.32,-0.87,0.13,-1.04,0.2,-0.11,-0.37,-0.44,-1.51,-1.05,-0.35,x,-0.4,-1.31,3.01,-3.36,162.0,164.0,H,H,destabilizing
1l63,A,GLU,11,ASN,E11N,23.4,-21.9,1qt7,A,ASN,11,GLU,N11E,21.1,21.9,0.1,26325080,5.4,65,-0.25,0.06,-0.53,-0.96,-0.44,-0.79,-0.14,-1.54,-1.232,-0.555,-1.164,-0.688,-1.78,1.02,-0.36,-0.93,-0.38,-0.6,0.0,-0.04,-0.7,-0.11,-0.62,-0.69,1.03,-1.49,-0.81,-0.91,1.48,-2.92,162.0,164.0,H,H,stabilizing
1l63,A,ILE,17,ALA,I17A,9.7,-72.6,239l,A,ALA,17,ILE,A17I,11.6,72.6,2.7,9514271,3.0,44,-1.53,0.96,-2.54,0.3,-2.86,0.26,-0.73,1.83,-2.417,1.062,-2.074,0.546,-3.25,1.0,-2.32,-0.06,2.26,-0.91,-2.8,-0.67,-1.81,0.15,-2.58,-0.56,-2.42,2.31,-1.53,-0.26,-5.10,4.91,162.0,162.0,E,E,stabilizing
1l63,A,ASP,20,ALA,D20A,31.5,-41.0,253l,A,ALA,20,ASP,A20D,24.5,41.0,0.3,26325080,5.4,65,0.14,0.7,-0.1,-0.32,-0.7,-0.27,-1.68,0.25,-0.861,-0.402,-0.867,-0.504,1.45,-1.44,-0.13,-0.11,0.25,-0.48,-0.2,0.11,-1.58,-0.05,-2.26,-1.49,-1.50,1.58,-0.29,-0.84,-2.60,1.66,162.0,164.0,-,-,stabilizing
1l63,A,ASP,20,ASN,D20N,31.5,5.0,255l,A,ASN,20,ASP,N20D,30.9,-5.0,-1.3,26325080,5.4,65,0.19,0.1,-0.11,-0.12,-0.44,-0.2,-1.17,-0.38,-1.082,-0.229,-1.081,-0.254,0.1,-0.09,-0.08,-0.16,0.3,-0.2,1.2,-0.4,-0.91,0.2,-2.28,-0.13,1.20,-1.25,-0.77,-0.43,0.08,1.02,162.0,164.0,-,-,destabilizing
1l63,A,ASP,20,SER,D20S,31.5,-34.0,254l,A,SER,20,ASP,S20D,24.1,34.0,-0.7,26325080,5.4,65,0.26,-0.13,0.2,-0.08,-0.55,-0.84,-0.71,-1.26,-1.42,0.454,-1.39,0.379,0.11,-0.1,0.26,0.2,0.02,-0.22,0.6,-0.25,-0.73,-0.66,-2.28,-0.15,-1.56,-0.08,-0.53,-0.5,-1.40,0.66,162.0,164.0,-,-,destabilizing
1l63,A,ILE,27,ALA,I27A,0.0,-72.6,240l,A,ALA,27,ILE,A27I,0.0,72.6,3.1,9514271,3.0,44,-0.82,0.78,0.46,0.45,-2.9,0.02,-2.24,-1.23,-3.371,0.526,-2.962,0.189,-3.25,1.0,-2.42,-0.15,2.69,-1.33,-3.0,-0.14,-2.03,0.21,-3.55,-0.42,-2.86,1.49,-2.0,-0.6,-5.26,4.28,162.0,162.0,E,E,stabilizing
1l63,A,ILE,27,MET,I27M,0.0,1.2,1d2w,A,MET,27,ILE,M27I,0.0,-1.2,3.1,10545167,5.4,65,-0.81,0.75,-0.75,-0.23,-1.33,-0.28,-2.37,-1.01,-1.668,-0.613,-1.376,-0.878,-1.0,0.08,-1.16,-0.07,0.33,-0.94,-1.52,-0.74,-1.17,0.0,-1.43,-0.96,-2.46,0.43,-1.3,-1.17,-7.56,3.35,162.0,162.0,E,E,stabilizing
1l63,A,ILE,29,ALA,I29A,2.5,-72.6,241l,A,ALA,29,ILE,A29I,2.1,72.6,2.6,9514271,3.0,44,-0.32,0.24,-0.4,-0.27,-2.13,-0.58,-2.33,-1.4,-2.855,0.357,-2.584,0.53,-0.78,-1.47,-2.19,0.46,1.3,-0.85,-2.5,-0.17,-2.02,-0.14,-2.12,-0.19,-2.46,-2.89,-1.77,-0.82,-3.50,-1.08,162.0,162.0,T,T,stabilizing
1l63,A,SER,38,ASN,S38N,38.9,39.1,1l61,A,ASN,38,SER,N38S,50.1,-39.1,0.0,1911773,6.7,62,-0.63,0.01,0.03,0.19,-0.87,-0.01,-0.44,0.15,-0.21,-0.097,-0.331,-0.345,-0.57,1.0,0.18,0.39,-0.03,0.13,-0.1,-0.8,-0.57,-0.87,0.00,-0.28,0.17,-0.53,-0.77,-0.36,-0.76,-0.27,162.0,162.0,-,-,stabilizing
1l63,A,ALA,41,SER,A41S,31.9,6.9,120l,A,SER,41,ALA,S41A,31.4,-6.9,0.6,8218201,3.0,52,-0.55,0.47,-0.57,-0.52,-0.61,0.15,0.57,-0.41,-0.86,-0.555,-0.989,-0.833,-2.44,2.45,-0.25,-0.2,0.35,-0.32,-0.5,-1.79,0.37,-0.55,-0.07,0.51,-0.61,0.25,-0.62,0.48,-1.41,1.66,162.0,162.0,H,H,stabilizing
1l63,A,ALA,42,VAL,A42V,0.0,52.3,1qtb,A,VAL,42,ALA,V42A,0.0,-52.3,2.7,10623513,3.0,40,0.26,-0.42,0.09,-1.56,-0.34,-2.06,-0.02,-2.0,-0.37,-2.545,-0.498,-2.294,-0.18,-1.53,-0.22,-1.61,2.11,2.83,-2.2,-2.63,-0.22,-1.03,-0.75,-2.68,-3.90,-2.20,-1.11,-0.84,-5.46,-3.42,162.0,162.0,H,H,stabilizing
1l63,A,ALA,42,SER,A42S,0.0,6.9,206l,A,SER,42,ALA,S42A,0.0,-6.9,2.3,8218201,3.0,52,-1.12,1.38,-1.06,-1.03,-1.26,-0.26,-2.34,0.54,-2.368,-1.01,-2.208,-1.165,-3.32,2.85,-1.22,-0.77,2.07,0.61,-2.4,-2.42,-1.54,-0.01,-1.70,-1.11,-1.14,0.48,-1.11,-0.22,-2.82,1.86,162.0,162.0,H,H,stabilizing
1l63,A,LYS,43,ALA,K43A,19.7,-80.0,1l66,A,ALA,43,LYS,A43K,21.6,80.0,1.0,1570293,6.7,62,-0.12,0.31,-0.58,-0.68,-1.01,-0.98,-0.81,-1.55,-0.674,-1.003,-0.723,-1.202,0.96,-0.95,-0.29,-0.85,0.47,0.5,-1.0,-1.04,-1.13,-1.02,-0.59,-1.38,-0.78,0.71,-0.55,-1.18,-0.98,1.05,162.0,162.0,H,H,stabilizing
1l63,A,SER,44,ALA,S44A,57.6,-6.9,1l68,A,ALA,44,SER,A44S,46.9,6.9,-0.3,1570293,6.7,62,0.39,-0.53,0.41,-0.08,0.38,-0.78,0.6,-0.88,-0.139,-0.831,-0.492,-1.044,2.26,-2.25,0.17,-0.16,-0.34,0.04,0.33,-0.62,0.48,-1.2,-0.29,-0.19,0.44,-0.15,0.25,-0.81,0.90,-0.33,162.0,162.0,H,H,destabilizing
1l63,A,SER,44,ILE,S44I,57.6,65.7,108l,A,ILE,44,SER,I44S,60.5,-65.7,-0.3,8289284,3.0,52,-0.28,0.39,0.66,-0.77,-0.41,0.0,-0.01,-1.25,0.099,-0.559,-0.204,-0.867,1.01,-1.01,0.69,-0.3,-0.78,1.18,0.41,-1.55,-0.07,-0.23,-0.09,-1.05,0.69,-0.09,0.12,-0.57,0.08,-1.21,162.0,162.0,H,H,destabilizing
1l63,A,SER,44,LEU,S44L,57.6,73.0,110l,A,LEU,44,SER,L44S,55.5,-73.0,-0.4,8289284,3.0,52,-0.06,0.21,0.69,-1.11,-0.28,-0.3,0.2,-0.41,0.1,-0.552,-0.204,-0.854,1.02,-1.02,0.7,-0.83,-0.6,1.26,0.49,-1.59,0.0,-0.33,-0.43,-1.29,0.80,-0.31,0.12,-0.61,0.15,-0.17,162.0,162.0,H,H,destabilizing
1l63,A,SER,44,LYS,S44K,57.6,73.0,109l,A,LYS,44,SER,K44S,55.1,-73.0,-0.2,8289284,3.0,52,0.43,-0.26,0.07,-0.18,0.0,-0.6,0.59,-0.7,-0.301,-0.453,-0.706,-0.61,1.25,-1.25,0.39,-0.08,-0.33,0.46,0.1,-0.59,-0.02,-0.21,-0.29,-0.59,0.36,-0.29,-0.45,0.05,1.43,-1.48,162.0,162.0,H,H,destabilizing
1l63,A,SER,44,GLU,S44E,57.6,60.9,217l,A,GLU,44,SER,E44S,60.5,-60.9,0.0,8289284,3.0,52,0.59,-0.43,0.26,0.06,0.22,-0.63,0.39,-0.8,0.036,-0.356,-0.408,-0.553,1.84,-1.23,0.46,-0.04,-0.08,0.26,-0.03,-0.55,-0.08,-0.36,-0.23,-0.61,0.82,-0.08,-0.14,-0.14,-0.05,1.99,162.0,162.0,H,H,stabilizing
1l63,A,SER,44,GLY,S44G,57.6,-29.2,107l,A,GLY,44,SER,G44S,43.6,29.2,0.5,8289284,3.0,52,-0.52,0.13,-0.36,-0.57,-0.59,-0.23,-0.43,0.99,-0.563,-0.715,-0.647,-1.144,-1.74,1.74,-0.06,-0.45,0.47,-0.37,-0.63,-0.51,-0.39,-0.3,-0.40,-1.33,-0.47,0.84,-0.23,-0.7,-0.46,0.36,162.0,162.0,H,H,stabilizing
1l63,A,SER,44,ARG,S44R,57.6,74.3,113l,A,ARG,44,SER,R44S,60.4,-74.3,-0.2,8289284,3.0,52,0.42,-0.34,0.48,-0.23,-0.04,-0.54,0.57,-0.69,-0.135,-0.499,-0.471,-0.627,1.16,-1.16,0.58,-0.02,-0.46,0.8,0.14,-0.77,-0.13,-0.14,-0.25,-0.68,0.51,0.13,-0.15,-0.3,0.40,0.82,162.0,162.0,H,H,destabilizing
1l63,A,SER,44,ASN,S44N,57.6,39.1,111l,A,ASN,44,SER,N44S,61.8,-39.1,0.1,8289284,3.0,52,0.08,-0.02,0.12,0.44,-0.24,-0.06,-0.05,-0.13,-0.206,0.05,-0.508,-0.331,-0.06,0.07,-0.27,-0.65,-0.22,0.02,-0.18,-0.62,-0.11,-0.21,-0.21,0.04,0.62,0.10,-0.36,-0.13,0.78,-0.95,162.0,162.0,H,H,stabilizing
1l63,A,SER,44,PHE,S44F,57.6,106.7,137l,A,PHE,44,SER,F44S,56.7,-106.7,-0.1,8289284,3.0,52,-0.47,0.37,0.62,-0.71,-0.79,-0.11,-0.64,0.26,-0.896,-0.618,-0.984,-0.762,1.03,-1.02,0.55,-0.49,-0.38,1.42,0.16,-1.28,-0.12,-0.26,-0.13,-1.23,0.60,-0.68,-0.15,-1.12,-0.25,2.33,162.0,162.0,H,H,destabilizing
1l63,A,SER,44,PRO,S44P,57.6,34.0,112l,A,PRO,44,SER,P44S,45.3,-34.0,3.0,8289284,3.0,52,-1.18,1.07,0.24,-0.98,-0.97,0.36,-1.6,1.36,-0.006,-0.729,-0.27,-1.043,0.32,0.14,0.05,-0.55,-0.42,0.45,-1.91,-0.27,-0.77,-0.09,-1.30,-1.12,-2.81,-2.06,-0.41,-0.77,-12.83,0.76,162.0,162.0,H,H,stabilizing
1l63,A,SER,44,THR,S44T,57.6,34.0,114l,A,THR,44,SER,T44S,60.3,-34.0,0.0,8289284,3.0,52,0.0,0.02,0.42,0.15,-0.16,-0.06,0.06,-0.5,-0.24,-0.322,-0.561,-0.665,-0.23,0.23,-0.4,-0.36,-0.28,0.19,-0.09,-0.49,-0.23,-0.21,-0.32,-0.42,-0.12,0.34,-0.12,-0.25,-0.45,-0.35,162.0,162.0,H,H,stabilizing
1l63,A,SER,44,VAL,S44V,57.6,45.3,115l,A,VAL,44,SER,V44S,57.8,-45.3,-0.1,8289284,3.0,52,-0.37,0.32,0.65,-0.74,-0.33,-0.03,0.37,-0.08,0.008,-0.414,-0.27,-0.764,0.58,-0.58,0.63,-0.31,-0.34,0.52,0.2,-1.05,-0.12,-0.21,-0.22,-0.33,0.12,0.25,0.13,-0.85,-0.68,0.20,162.0,162.0,H,H,destabilizing
1l63,A,LEU,46,ALA,L46A,0.0,-80.0,1l67,A,ALA,46,LEU,A46L,1.0,80.0,1.9,1570293,6.7,62,-0.41,0.84,-2.38,0.21,-2.51,0.0,-2.64,1.42,-3.438,-0.409,-3.101,-0.535,-2.34,0.04,-2.14,-0.26,3.08,0.14,-2.52,-0.8,-3.04,0.32,-2.46,-0.34,-3.04,1.50,-1.33,-0.65,-5.66,3.39,162.0,162.0,H,H,stabilizing
1l63,A,ASP,47,ALA,D47A,21.5,-41.0,1l65,A,ALA,47,ASP,A47D,19.5,41.0,1.0,1570293,6.7,62,0.69,-0.77,0.06,-0.75,-0.26,-1.23,-1.09,-0.32,-0.121,-1.46,-0.356,-1.469,2.55,-2.54,-0.09,-0.23,0.34,0.91,-0.85,-0.82,-0.49,-1.33,-1.20,-0.67,-2.07,0.88,-0.63,-,-0.93,-0.28,162.0,162.0,H,H,stabilizing
1l63,A,ALA,49,SER,A49S,37.2,6.9,221l,A,SER,49,ALA,S49A,38.5,-6.9,0.5,8218201,3.0,52,-0.31,0.33,-0.48,-0.17,-0.77,0.37,-0.19,0.02,-0.831,-0.27,-0.813,-0.503,-3.08,3.09,-0.31,-0.18,-0.12,-0.35,-0.6,-1.36,0.27,-0.42,-0.79,-0.32,-0.38,0.32,-1.32,0.21,-1.56,0.44,162.0,162.0,H,H,stabilizing
1l63,A,ILE,50,ALA,I50A,19.9,-72.6,242l,A,ALA,50,ILE,A50I,22.5,72.6,2.0,9514271,3.0,44,-0.43,-0.42,-1.79,0.34,-1.91,-0.65,-2.25,2.08,-2.117,-0.366,-1.956,-0.516,-1.12,1.13,-1.59,-0.26,0.69,-0.06,-2.0,-0.19,-1.03,0.01,-1.47,-0.07,-2.06,1.59,-0.91,-0.72,-2.19,1.06,162.0,164.0,H,H,stabilizing
1l63,A,ILE,50,MET,I50M,19.9,1.2,1d2y,A,MET,50,ILE,M50I,19.1,-1.2,0.4,10545167,5.4,65,-0.29,-0.46,-0.29,0.09,-0.8,-0.85,-1.23,-1.21,-0.861,-0.743,-0.801,-0.981,0.16,-0.16,-0.49,-0.3,-0.31,-0.04,-0.78,-0.6,-0.58,-0.63,-1.20,-0.33,-0.06,-1.43,-0.41,-0.66,-1.02,1.03,162.0,162.0,H,H,stabilizing
1l63,A,ILE,58,ALA,I58A,2.3,-72.6,243l,A,ALA,58,ILE,A58I,2.3,72.6,3.2,9514271,3.0,44,-1.16,1.1,-2.45,0.03,-2.84,0.2,-0.79,0.32,-2.62,-0.073,-2.227,-0.291,-3.45,1.2,-2.29,-0.15,1.77,0.09,-3.1,-0.6,-1.83,-0.18,-2.54,-1.59,-3.70,1.78,-2.32,-0.61,-7.49,2.83,162.0,162.0,-,-,stabilizing
1l63,A,ILE,58,THR,I58T,2.3,-31.6,1g1v,A,THR,58,ILE,T58I,3.5,31.6,3.4,11316887,5.4,65,-0.49,0.48,-1.42,0.29,-1.88,0.09,-1.42,0.06,-2.496,-0.168,-2.265,-0.312,-4.53,3.08,-1.76,-0.04,1.48,0.06,-3.3,-0.56,-2.63,0.34,-2.49,-0.60,-3.05,0.68,-2.61,-0.53,-5.07,3.89,162.0,162.0,-,-,stabilizing
1l63,A,THR,59,ALA,T59A,44.0,-41.0,1lyj,A,ALA,59,THR,A59T,32.3,41.0,1.5,1567817,6.5,63,-1.54,1.85,-1.01,-0.42,-1.3,0.69,-1.8,-0.83,-0.414,-0.836,-0.5,-1.001,0.61,-0.6,-1.15,-0.43,0.46,0.05,-1.61,-1.24,-1.26,-0.46,-1.55,-0.20,0.18,-0.85,-0.34,-1.01,-0.47,0.29,162.0,162.0,-,-,stabilizing
1l63,A,THR,59,ASP,T59D,44.0,0.0,1lyi,A,ASP,59,THR,D59T,47.7,0.0,1.2,1567817,6.5,63,-0.67,0.53,-0.69,0.17,-0.28,0.12,-1.71,1.32,0.334,-0.088,0.133,-0.258,-0.15,0.16,-0.64,-0.07,0.36,0.06,-1.0,-1.4,-1.02,-0.52,-0.97,-0.33,3.22,-2.62,-0.3,-0.24,-1.68,1.67,162.0,162.0,-,-,stabilizing
1l63,A,THR,59,GLY,T59G,44.0,-63.2,1lyh,A,GLY,59,THR,G59T,27.7,63.2,1.6,1567817,6.5,63,-0.92,0.56,-1.38,-0.53,-1.14,0.25,-1.54,-1.07,-0.807,-0.788,-0.707,-1.074,-1.68,1.95,-1.32,-0.78,0.52,0.49,-1.7,-1.53,-1.26,-0.26,-2.00,-0.90,0.59,-0.29,-0.5,-0.79,-1.38,0.71,162.0,162.0,-,-,stabilizing
1l63,A,THR,59,ASN,T59N,44.0,5.0,1lyg,A,ASN,59,THR,N59T,44.2,-5.0,1.1,1567817,6.5,63,-0.69,0.56,-0.87,0.4,-0.39,0.07,-1.1,0.65,-0.319,0.004,-0.451,-0.222,-0.61,0.61,-0.79,-0.24,0.45,0.23,-1.0,-1.57,-0.83,-0.68,-1.02,-0.34,0.77,-0.53,-0.4,-0.33,0.08,-0.11,162.0,162.0,-,-,stabilizing
1l63,A,THR,59,SER,T59S,44.0,-34.0,1lyf,A,SER,59,THR,S59T,37.9,34.0,0.2,1567817,6.5,63,-0.29,-0.02,-0.32,0.09,-0.38,-0.51,-1.09,-1.06,-0.522,-0.254,-0.685,-0.419,0.1,-0.09,-0.28,-0.09,0.38,0.41,-0.6,-1.41,-0.86,-0.96,-0.76,-0.37,1.22,-0.96,-0.27,-0.33,0.10,-0.75,162.0,162.0,-,-,stabilizing
1l63,A,THR,59,VAL,T59V,44.0,11.3,1lye,A,VAL,59,THR,V59T,48.8,-11.3,1.5,1567817,6.5,63,-1.27,0.82,-0.31,-0.71,-0.87,0.31,-2.07,1.64,-0.067,-0.835,-0.176,-1.016,0.67,-0.66,-0.65,-0.68,0.63,0.06,-1.6,-1.61,-1.89,-0.38,-1.69,-1.72,-1.90,0.13,-0.32,-0.76,-2.11,0.44,162.0,162.0,-,-,stabilizing
1l63,A,LEU,66,MET,L66M,2.0,-6.1,1d3j,A,MET,66,LEU,M66L,4.3,6.1,1.0,10545167,5.4,65,0.0,-0.08,-0.54,-0.13,-0.86,-0.89,-0.08,-1.58,-0.904,-1.226,-0.836,-1.424,-0.8,-0.01,-0.99,-0.07,0.86,0.05,-1.88,-0.67,-1.13,-0.5,-2.21,-0.73,0.48,-0.28,-2.09,-1.55,-2.59,2.08,162.0,162.0,H,H,stabilizing
1l63,A,PHE,67,ALA,F67A,5.5,-113.7,246l,A,ALA,67,PHE,A67F,6.0,113.7,1.9,9514271,3.0,44,-1.54,0.78,-1.96,-0.63,-3.03,-0.13,-0.8,-0.68,-2.61,-0.981,-2.443,-0.808,-1.07,1.26,-1.79,-0.67,1.32,0.26,-2.0,-0.8,-1.24,-0.14,-1.87,-0.33,-4.08,-0.47,-1.99,-1.32,-5.20,6.36,162.0,164.0,H,H,stabilizing
1l63,A,ASP,72,PRO,D72P,56.8,0.0,1l76,A,PRO,72,ASP,P72D,30.4,0.0,2.7,1733941,6.5,63,-1.27,1.05,-0.59,-1.12,-0.79,0.44,-2.39,0.61,0.111,-0.677,-0.128,-1.0,0.17,1.07,-1.13,-0.52,-1.16,0.08,-2.6,-0.9,-0.92,-0.4,-0.94,-0.98,-2.55,-2.42,-0.08,-0.61,-6.12,-4.16,162.0,162.0,H,H,stabilizing
1l63,A,ALA,73,SER,A73S,36.8,6.9,122l,A,SER,73,ALA,S73A,41.9,-6.9,0.4,8218201,3.0,52,0.03,0.06,-0.63,-0.06,-0.8,0.29,-1.03,0.96,-0.596,-0.211,-0.776,-0.525,-2.25,2.26,-0.43,0.37,0.82,0.19,-0.3,-0.59,-0.75,-0.19,-0.23,-0.69,-0.38,0.35,-0.63,-0.08,-0.56,-0.25,162.0,162.0,H,H,stabilizing
1l63,A,VAL,75,THR,V75T,21.1,-11.3,127l,A,THR,75,VAL,T75V,20.1,11.3,1.3,8218201,3.0,52,-0.88,0.68,-1.36,-0.51,-1.62,0.47,-1.91,-1.2,-1.992,-0.182,-1.91,-0.406,-3.04,2.13,-1.23,-0.06,1.11,0.52,-1.4,-0.47,-0.8,0.03,-1.49,0.58,-0.31,0.89,-1.22,-0.28,-1.42,2.39,162.0,162.0,H,H,stabilizing
1l63,A,ILE,78,ALA,I78A,0.0,-72.6,1ctw,A,ALA,78,ILE,A78I,0.0,72.6,1.2,10545167,5.4,65,-0.78,0.59,-2.87,-0.34,-2.9,-0.04,-1.38,0.49,-3.333,0.354,-3.002,0.182,-2.25,-0.01,-2.27,-0.29,2.28,-0.64,-1.7,-0.83,-2.22,-0.47,-2.96,-2.76,-2.96,-3.09,-2.15,-0.95,-6.30,1.07,162.0,162.0,H,H,stabilizing
1l63,A,ILE,78,MET,I78M,0.0,1.2,1cu0,A,MET,78,ILE,M78I,0.0,-1.2,1.5,10545167,5.4,65,-0.03,-0.1,-1.44,-1.17,-1.06,-0.82,0.11,-1.91,-1.368,-0.621,-1.259,-0.866,-0.3,-0.62,-1.18,-0.62,0.71,0.14,-1.4,-0.77,-0.8,-0.78,-1.73,-0.95,-1.12,0.39,-1.19,-0.97,-4.40,2.86,162.0,162.0,H,H,stabilizing
1l63,A,ILE,78,VAL,I78V,0.0,-20.4,1p2r,A,VAL,78,ILE,V78I,0.0,20.4,0.8,12963380,5.4,61,-0.54,0.87,-0.91,-0.5,-1.53,-0.4,-0.45,-0.4,-1.96,-0.501,-1.791,-0.619,-0.98,-0.1,-0.61,-0.65,1.07,-0.09,-0.97,-0.59,-1.23,-0.41,-1.34,-1.60,-0.69,0.64,-1.2,-1.01,-2.93,-,162.0,164.0,H,H,stabilizing
1l63,A,ALA,82,SER,A82S,74.6,6.9,123l,A,SER,82,ALA,S82A,75.3,-6.9,0.3,8218201,3.0,52,0.26,-0.13,-0.15,0.04,0.26,-0.08,-1.14,2.06,-0.613,-0.182,-0.81,-0.326,-0.15,0.16,-0.18,0.28,0.31,0.14,-0.2,-1.74,0.32,-0.28,0.32,0.19,-0.35,0.29,-0.42,0.13,0.18,-1.35,162.0,162.0,T,T,stabilizing
1l63,A,LEU,84,ALA,L84A,0.0,-80.0,247l,A,ALA,84,LEU,A84L,5.2,80.0,2.6,9514271,3.0,44,-2.76,2.15,-3.38,-0.57,-3.89,0.43,-1.81,-2.07,-3.36,0.124,-3.024,-0.053,-2.34,1.19,-3.24,-0.42,3.82,1.06,-3.8,-0.05,-2.0,0.33,-3.58,-0.28,-4.14,3.58,-1.97,-0.89,-7.37,2.87,162.0,164.0,H,H,stabilizing
1l63,A,LEU,84,MET,L84M,0.0,-6.1,1cu2,A,MET,84,LEU,M84L,0.0,6.1,1.9,10545167,5.4,65,-1.5,1.42,-0.93,-0.45,-1.68,-0.19,-0.08,-2.75,-1.467,-1.206,-1.347,-1.275,-0.8,-0.61,-0.83,-0.26,2.0,1.58,-1.8,-0.73,-2.02,0.0,-1.08,-0.82,-1.82,0.51,-1.17,-0.85,-5.65,0.52,162.0,162.0,H,T,stabilizing
1l63,A,VAL,87,ALA,V87A,1.5,-52.3,236l,A,ALA,87,VAL,A87V,0.3,52.3,1.7,9514271,3.0,44,-0.61,0.43,-1.71,-0.26,-2.11,-0.53,-2.03,-0.35,-2.29,-0.03,-2.07,-0.182,-1.53,-0.18,-1.4,-0.39,1.53,1.49,-1.7,-0.22,-1.22,-0.22,-2.16,-0.62,-1.83,1.90,-1.05,-0.87,-2.58,2.17,162.0,162.0,H,H,stabilizing
1l63,A,VAL,87,MET,V87M,1.5,21.6,1cu3,A,MET,87,VAL,M87V,0.0,-21.6,2.3,10545167,5.4,65,-0.17,-0.05,-0.78,-0.93,-1.01,-1.3,-1.31,0.25,-0.781,-1.521,-0.726,-1.511,-0.08,-1.6,-0.92,-0.71,0.34,1.62,-0.86,-0.88,-0.94,-1.12,-0.73,-0.54,-0.35,-0.76,-1.11,-1.21,-4.23,0.96,162.0,162.0,H,H,stabilizing
1l63,A,VAL,87,ILE,V87I,1.5,20.4,1p2l,A,ILE,87,VAL,I87V,3.3,-20.4,0.3,12963380,5.4,61,-0.06,0.06,-0.19,-0.68,-0.94,-1.01,-0.66,-1.0,-0.526,-1.643,-0.642,-1.524,-0.1,-0.98,-0.22,-0.54,0.31,0.92,-0.55,-0.78,-0.45,-1.11,-0.55,-1.06,0.44,-0.52,-0.84,-0.65,-1.08,-,162.0,164.0,H,H,stabilizing
1l63,A,VAL,87,THR,V87T,1.5,-11.3,128l,A,THR,87,VAL,T87V,0.0,11.3,1.6,8218201,3.0,52,-1.16,0.99,-1.5,-0.56,-1.95,0.02,-1.45,-0.67,-2.635,-0.249,-2.487,-0.453,-3.05,2.45,-1.35,-0.6,1.42,1.0,-1.7,-0.35,-1.51,0.42,-3.03,-0.59,-1.32,1.34,-1.3,-0.32,-0.99,-1.41,162.0,162.0,H,H,stabilizing
1l63,A,LEU,91,ALA,L91A,3.0,-80.0,1cu6,A,ALA,91,LEU,A91L,11.3,80.0,3.9,9514271,3.0,44,-1.44,1.5,-3.06,-0.2,-3.0,0.43,-3.18,1.03,-2.86,-0.56,-2.445,-0.502,-1.91,0.84,-2.58,-0.7,1.77,0.61,-3.0,-0.57,-1.91,-0.19,-2.10,-3.04,-3.08,3.35,-2.38,-0.95,-5.33,5.25,162.0,162.0,S,S,stabilizing
1l63,A,LEU,91,MET,L91M,3.0,-6.1,1cu5,A,MET,91,LEU,M91L,3.2,6.1,0.8,8901549,5.4,59,-0.56,0.3,-0.86,-0.39,-1.17,-0.49,-1.55,-2.49,-1.354,-0.597,-0.948,-0.718,-1.44,0.19,-0.49,-0.36,0.78,0.54,-0.9,-1.12,-1.14,-0.58,-1.48,-0.96,-0.25,0.59,-1.25,-1.34,-2.06,0.13,162.0,162.0,S,S,stabilizing
1l63,A,ASP,92,ASN,D92N,36.1,5.0,1l55,A,ASN,92,ASP,N92D,43.2,-5.0,1.4,1911773,6.7,62,-0.35,0.1,-0.25,-0.09,-0.46,-0.1,-1.1,0.42,-0.575,0.447,-0.591,0.205,-1.2,1.21,-0.44,0.14,0.2,0.72,-0.65,-0.69,-0.83,-0.63,-0.70,0.09,-5.73,4.86,-0.57,0.19,0.75,-0.63,162.0,162.0,-,-,stabilizing
1l63,A,ALA,93,SER,A93S,70.1,6.9,224l,A,SER,93,ALA,S93A,76.6,-6.9,0.2,8218201,3.0,52,-0.02,0.04,-0.22,0.19,0.03,0.11,0.03,-0.54,-0.561,0.119,-0.782,-0.263,-2.25,2.26,-0.16,-0.66,-0.15,-0.15,-0.1,-0.15,0.11,-0.28,-0.11,-0.49,-0.35,0.32,-0.73,-0.01,-1.03,-0.20,162.0,162.0,H,H,stabilizing
1l63,A,ALA,98,CYS,A98C,0.0,14.5,1qsb,A,CYS,98,ALA,C98A,0.0,-14.5,1.0,10623513,3.0,40,0.63,-0.16,-1.64,-1.94,-0.22,-1.46,-0.93,-0.4,-0.931,-2.002,-1.088,-1.795,0.84,-2.04,-1.32,-1.37,1.95,2.15,-2.18,-1.65,-0.34,-0.94,-0.64,-0.02,-2.51,-0.09,-1.71,-0.96,-6.96,1.76,162.0,162.0,H,H,stabilizing
1l63,A,ALA,98,LEU,A98L,0.0,80.0,1qs5,A,LEU,98,ALA,L98A,0.0,-80.0,4.3,10623513,3.0,40,-0.69,1.67,-0.76,-3.53,-0.81,-1.58,-0.62,-1.28,0.37,-2.959,0.197,-2.635,0.04,-2.34,-0.53,-3.33,1.11,3.06,-1.75,-2.51,0.39,-1.95,-0.40,-3.56,-9.01,-3.19,-1.82,-1.48,-12.57,-6.52,162.0,162.0,H,H,stabilizing
1l63,A,ALA,98,SER,A98S,0.0,6.9,125l,A,SER,98,ALA,S98A,0.0,-6.9,2.5,8218201,3.0,52,0.1,0.17,-1.93,-1.53,-0.93,-0.59,-1.57,-0.81,-2.312,-0.684,-2.154,-0.866,-3.32,2.85,-2.27,0.56,2.09,0.25,-2.3,-1.2,-1.56,0.29,-1.36,-0.49,-0.72,0.78,-1.56,-0.69,-4.00,3.43,162.0,162.0,H,H,stabilizing
1l63,A,ALA,98,VAL,A98V,0.0,52.3,1qs9,A,VAL,98,ALA,V98A,0.0,-52.3,3.2,10623513,3.0,40,-0.2,0.48,-1.0,-2.78,-0.65,-1.34,-1.74,0.09,-0.069,-2.574,-0.219,-2.321,-0.18,-1.53,-0.85,-2.39,1.99,2.64,-2.89,-1.53,-0.13,-1.12,-0.60,-2.30,-4.02,-0.76,-2.18,-1.44,-6.98,0.78,162.0,162.0,H,H,stabilizing
1l63,A,LEU,99,ALA,L99A,0.2,-80.0,1l90,A,ALA,99,LEU,A99L,15.1,80.0,4.5,8433369,5.7,65,-2.03,2.01,-3.74,-0.38,-3.7,0.6,-3.63,-0.88,-3.141,0.795,-2.795,0.55,-2.6,1.45,-3.41,-0.25,3.18,-0.57,-3.82,-0.32,-4.09,1.02,-3.76,-0.42,-3.22,3.48,-2.56,-1.06,-5.89,5.42,162.0,162.0,H,H,stabilizing
1l63,A,LEU,99,PHE,L99F,0.2,33.7,1l91,A,PHE,99,LEU,F99L,0.0,-33.7,0.3,8433369,5.7,65,-0.8,0.72,-1.57,-0.55,-1.37,-0.85,-1.54,0.29,-1.979,-0.751,-1.836,-0.769,-0.84,-0.17,-1.04,-0.17,1.77,0.51,-0.81,-1.44,-2.34,0.12,-1.37,-1.09,-0.66,-1.14,-2.2,-1.96,-2.55,-4.77,162.0,162.0,H,H,stabilizing
1l63,A,LEU,99,ILE,L99I,0.2,-7.3,1l92,A,ILE,99,LEU,I99L,1.1,7.3,1.5,8433369,5.7,65,-0.36,0.28,-1.42,-0.88,-0.97,-0.86,-2.08,0.5,-0.977,-0.945,-1.051,-1.024,-0.37,0.21,-1.11,-0.65,1.17,1.11,-1.29,-1.01,-1.32,-0.23,-1.30,-0.27,-1.71,0.52,-1.44,-1.22,-3.67,2.34,162.0,162.0,H,H,stabilizing
1l63,A,LEU,99,MET,L99M,0.2,-6.1,1l93,A,MET,99,LEU,M99L,0.6,6.1,0.6,8433369,5.7,65,-0.53,0.58,-1.24,-0.96,-1.26,-0.38,-1.85,-0.37,-1.145,-0.582,-1.055,-0.833,-0.8,-0.01,-0.73,-0.78,1.26,0.47,-0.97,-1.12,-1.4,-0.23,-0.94,-0.29,0.13,-0.26,-2.01,-1.06,-2.81,2.05,162.0,162.0,H,H,stabilizing
1l63,A,LEU,99,VAL,L99V,0.2,-27.7,1l94,A,VAL,99,LEU,V99L,2.4,27.7,2.0,8433369,5.7,65,-1.16,1.19,-1.97,-0.74,-1.76,-0.36,-2.02,-1.22,-1.803,-0.129,-1.625,-0.277,-1.38,0.2,-1.55,-0.43,1.76,0.11,-1.96,-0.71,-2.34,0.34,-1.32,-0.55,-2.81,1.43,-2.16,-1.02,-3.49,2.42,162.0,162.0,H,H,stabilizing
1l63,A,ILE,100,ALA,I100A,4.7,-72.6,244l,A,ALA,100,ILE,A100I,2.6,72.6,3.4,9514271,3.0,44,-0.32,0.52,-2.44,-0.82,-2.59,0.01,-1.2,0.77,-3.224,0.204,-2.896,0.038,-2.25,-0.01,-2.23,-0.53,2.58,-0.87,-2.8,0.15,-1.74,0.49,-2.74,-0.22,-2.61,3.13,-2.45,-1.09,-3.13,1.19,162.0,162.0,H,H,stabilizing
1l63,A,ILE,100,MET,I100M,4.7,1.2,1cup,A,MET,100,ILE,M100I,7.0,-1.2,1.6,10545167,5.4,65,0.0,-0.08,-1.29,-1.32,-0.96,-0.54,-0.57,-0.49,-1.157,-1.25,-1.068,-1.444,-0.3,-0.62,-1.12,-0.82,0.48,-0.32,-1.47,-0.17,-0.84,-0.19,-1.34,-1.26,-0.77,-0.23,-1.37,-0.93,-3.21,2.36,162.0,162.0,H,H,stabilizing
1l63,A,ILE,100,VAL,I100V,4.7,-20.4,1p36,A,VAL,100,ILE,V100I,2.3,20.4,0.4,12963380,5.4,61,0.2,0.01,-0.78,-0.94,-1.14,-0.66,-0.76,-0.65,-1.876,-0.348,-1.715,-0.478,-0.98,-0.1,-0.61,-0.62,0.65,0.1,-0.9,-0.19,-1.0,0.05,-0.80,-0.79,-1.87,0.66,-1.16,-0.87,-0.39,-,162.0,164.0,H,H,stabilizing
1l63,A,ASN,101,ALA,N101A,0.0,-46.0,1i6s,A,ALA,101,ASN,A101N,1.3,46.0,1.5,11316887,5.4,59,1.05,-1.15,-1.48,-1.52,-0.06,-1.91,0.02,-0.02,-1.621,-2.099,-1.763,-1.96,2.73,-4.19,-1.19,-2.29,0.79,1.27,-1.4,-1.35,-0.29,-1.69,-0.72,-1.95,-0.76,-2.79,-1.0,-1.4,0.60,-3.17,162.0,162.0,H,H,stabilizing
1l63,A,MET,102,LEU,M102L,1.6,6.1,1l77,A,LEU,102,MET,L102M,0.8,-6.1,1.0,12963380,5.4,61,-0.13,0.11,-0.74,-1.01,-0.86,-0.86,-1.08,-0.6,-0.421,-1.104,-0.684,-1.018,-0.01,-0.8,-0.56,-0.82,0.04,0.73,-0.84,-1.73,-0.71,-1.19,-1.07,-1.30,-1.11,-0.01,-1.94,-1.75,-0.92,-1.16,162.0,162.0,H,H,stabilizing
1l63,A,VAL,103,ALA,V103A,5.7,-52.3,238l,A,ALA,103,VAL,A103V,5.8,52.3,2.2,9514271,3.0,44,-0.29,0.28,-1.63,-0.13,-1.88,-0.45,-0.97,-0.05,-2.486,-0.419,-2.255,-0.543,-1.53,-0.18,-1.61,-0.09,1.66,0.04,-2.1,-0.83,-1.01,-0.29,-2.31,-0.93,-1.66,1.03,-1.32,-0.36,-4.37,1.96,162.0,162.0,H,H,stabilizing
1l63,A,VAL,103,ILE,V103I,5.7,20.4,1p7s,A,ILE,103,VAL,I103V,8.7,-20.4,0.5,12963380,5.4,61,-0.06,0.06,-0.2,-0.46,-0.66,-1.19,0.34,-1.82,-0.767,-1.492,-0.862,-1.516,-0.1,-0.44,-0.11,-0.5,-0.37,-0.35,-1.05,-1.16,-0.36,-1.09,-0.12,-0.92,-0.02,-1.29,-0.59,-0.41,-1.97,-1.91,162.0,164.0,H,H,stabilizing
1l63,A,VAL,103,MET,V103M,5.7,21.6,1cuq,A,MET,103,VAL,M103V,5.2,-21.6,1.2,10545167,5.4,65,-0.38,-0.08,-0.74,-0.95,-1.0,-1.05,-2.01,0.69,-1.054,-1.633,-0.975,-1.627,-0.08,-1.6,-0.51,-1.0,-0.21,-0.21,-1.3,-1.29,-0.48,-0.97,-0.32,-1.60,-0.25,-1.01,-1.26,-0.95,-4.41,-0.55,162.0,162.0,H,H,stabilizing
1l63,A,PHE,104,MET,F104M,14.0,-39.8,1cv0,A,MET,104,PHE,M104F,17.0,39.8,0.4,10545167,5.4,65,1.03,-0.67,-0.49,-0.81,-0.81,-1.17,-0.18,-0.78,-1.317,-1.159,-1.225,-1.128,-0.02,0.16,-0.52,-0.69,1.14,1.28,-1.51,-1.12,-0.17,-0.75,-1.12,-0.68,0.11,-0.52,-1.23,-1.42,-5.80,6.32,162.0,162.0,H,H,stabilizing
1l63,A,GLN,105,MET,Q105M,30.0,5.9,1g1w,A,MET,105,GLN,M105Q,30.4,-5.9,1.2,11316887,5.4,59,0.16,0.12,0.2,-1.41,-0.48,-0.12,0.08,0.02,0.634,-0.175,0.656,-0.447,1.41,-1.4,-0.04,-1.62,-0.64,0.45,-1.1,-1.42,0.17,-0.48,-0.97,-1.93,1.98,-1.62,-0.41,-0.56,-1.38,0.91,162.0,162.0,H,H,stabilizing
1l63,A,MET,106,ILE,M106I,26.3,-1.2,1p46,A,ILE,106,MET,I106M,28.2,1.2,-0.2,12963380,5.4,61,-0.44,0.03,-0.02,-0.53,-0.65,-0.48,1.39,-1.7,-0.874,-0.71,-1.102,-0.662,-0.04,0.05,0.26,-0.8,-0.7,-0.76,-1.08,-1.04,-0.73,-0.79,-0.07,-1.12,-1.98,-0.65,-0.82,-0.21,-2.05,-,162.0,164.0,H,H,destabilizing
1l63,A,MET,106,LEU,M106L,26.3,6.1,234l,A,LEU,106,MET,L106M,29.4,-6.1,-0.5,9541409,3.0,47,-0.05,0.07,0.2,-0.35,-0.71,-0.39,-0.42,-0.7,-0.818,-0.868,-1.102,-0.803,0.77,-0.77,0.08,-0.32,-0.27,0.05,0.4,-1.39,-0.2,-0.51,-0.07,-0.99,-0.27,-0.21,-0.73,-0.48,1.15,-1.83,162.0,162.0,H,H,destabilizing
1l63,A,MET,106,LYS,M106K,26.3,6.1,231l,A,LYS,106,MET,K106M,28.4,-6.1,3.4,9541409,3.0,47,-0.11,0.22,-1.36,0.59,-0.66,-0.21,-1.72,-1.18,-0.452,-0.12,-0.711,-0.039,-1.92,1.92,-2.39,0.56,0.6,-0.51,-3.3,0.2,-0.82,-0.05,-2.91,-0.26,-2.37,1.79,-1.42,0.13,-2.22,-0.86,162.0,162.0,H,H,stabilizing
1l63,A,THR,109,ASP,T109D,79.4,0.0,1l62,A,ASP,109,THR,D109T,89.7,0.0,-0.6,1911773,6.7,62,0.05,-0.24,0.09,0.58,0.29,-0.11,0.47,-1.26,0.689,0.821,0.217,0.466,0.63,-0.62,0.53,-0.48,-0.23,-0.57,0.07,-0.66,0.51,0.04,0.01,-1.66,1.27,-0.02,-0.08,-0.14,-0.16,-0.31,162.0,162.0,H,H,destabilizing
1l63,A,THR,109,ASN,T109N,79.4,5.0,1l59,A,ASN,109,THR,N109T,80.8,-5.0,-0.1,1911773,6.7,62,-0.24,0.31,0.16,0.67,-0.09,0.25,-0.19,-0.5,0.351,0.52,-0.032,0.086,0.05,-0.04,0.34,0.46,-0.11,-0.25,0.0,-0.61,0.33,-0.11,-0.00,-0.01,-0.26,0.18,-0.15,0.27,0.33,0.03,162.0,162.0,H,H,destabilizing
1l63,A,VAL,111,ALA,V111A,0.2,-52.3,235l,A,ALA,111,VAL,A111V,0.9,52.3,1.3,9514271,3.0,44,-0.3,0.21,-1.47,0.3,-1.97,-0.37,-3.05,1.55,-2.099,-0.226,-1.885,-0.365,-1.53,-0.18,-1.52,-0.18,2.17,-0.16,-1.39,-0.54,-1.32,-0.05,-2.35,0.48,-2.54,1.81,-1.16,-0.82,-2.29,0.89,162.0,162.0,H,H,stabilizing
1l63,A,VAL,111,ILE,V111I,0.2,20.4,2l78,A,ILE,111,VAL,I111V,1.1,-20.4,0.9,12963380,5.4,61,0.26,-0.38,-0.32,0.0,-0.62,-1.4,-1.15,-1.02,-0.354,-1.5,-0.484,-1.229,-0.1,-1.48,-0.44,-0.05,0.11,-0.02,-0.79,-0.66,-0.71,-0.95,-1.28,-0.71,0.41,-0.86,-1.31,-0.71,-2.33,-0.52,162.0,162.0,H,G,stabilizing
1l63,A,VAL,111,MET,V111M,0.2,21.6,1cv1,A,MET,111,VAL,M111V,1.4,-21.6,0.7,10545167,5.4,65,-0.31,-0.83,-0.82,-0.23,-0.95,-1.64,-2.21,-0.46,-0.487,-1.807,-0.456,-1.609,-0.08,-2.46,-0.64,-0.26,0.24,-0.06,-0.96,-0.84,-0.92,-1.29,-1.37,-0.82,0.47,-4.55,-0.93,-1.42,-1.36,-3.23,162.0,162.0,H,G,stabilizing
1l63,A,SER,117,PHE,S117F,0.6,106.7,1tla,A,PHE,117,SER,F117S,0.2,-106.7,-1.1,8401213,5.4,65,1.87,-1.56,0.97,-1.89,0.25,-3.36,2.17,-3.03,-0.326,-3.32,-0.824,-3.15,3.03,-5.57,1.27,-1.95,-0.54,2.1,1.3,-1.02,0.31,-2.95,0.52,-2.20,-5.69,-5.79,-0.32,-3.29,4.29,-5.59,162.0,162.0,H,H,destabilizing
1l63,A,LEU,118,ALA,L118A,6.9,-80.0,1cvk,A,ALA,118,LEU,A118L,19.0,80.0,3.2,10545167,5.4,65,-1.22,-0.05,-2.82,0.29,-2.56,-0.14,-0.64,-1.19,-2.694,-0.415,-2.467,-0.645,-1.45,1.45,-2.65,-0.42,1.79,-0.71,-3.4,-0.26,-2.32,0.26,-3.12,-0.32,-2.63,2.37,-2.09,-1.13,-4.61,-,162.0,162.0,H,H,stabilizing
1l63,A,LEU,118,MET,L118M,6.9,-6.1,1cv4,A,MET,118,LEU,M118L,5.2,6.1,0.7,10545167,5.4,65,-0.1,0.74,-0.78,-0.34,-0.99,-0.41,-0.51,-0.87,-1.194,-0.928,-1.101,-1.153,-0.39,0.4,-0.69,-0.01,0.59,-0.26,-0.8,-1.04,-1.11,-0.35,-1.05,-0.72,0.66,-0.53,-1.41,-1.87,-2.86,-,162.0,162.0,H,H,stabilizing
1l63,A,MET,120,LEU,M120L,12.5,6.1,233l,A,LEU,120,MET,L120M,9.2,-6.1,-0.5,9541409,3.0,47,-0.33,0.35,-0.25,-0.88,-0.87,-0.58,-0.11,-1.2,0.125,-1.516,-0.171,-1.394,0.37,-0.36,0.03,-0.67,0.49,0.76,0.6,-1.04,-0.49,-0.54,-0.85,-0.50,0.37,-0.34,-0.75,-1.75,1.62,-1.93,162.0,162.0,H,H,destabilizing
1l63,A,MET,120,LYS,M120K,12.5,6.1,232l,A,LYS,120,MET,K120M,23.4,-6.1,1.6,9541409,3.0,47,-0.6,0.06,-1.51,0.33,-1.31,-0.13,-1.17,-0.52,-0.438,0.147,-0.693,0.195,-1.92,1.92,-1.21,0.41,1.84,-0.57,-1.5,0.52,-0.8,-0.06,-2.15,0.22,-0.92,1.01,-1.78,-0.57,0.95,-0.86,162.0,162.0,H,H,stabilizing
1l63,A,MET,120,TYR,M120Y,12.5,47.2,1p6y,A,TYR,120,MET,Y120M,20.0,-47.2,0.1,12963380,5.4,61,-0.14,-0.26,-0.43,-0.28,-0.69,-1.27,-1.25,-2.43,-0.425,-2.346,-0.366,-2.286,-0.61,0.62,-0.44,-0.3,1.27,-0.22,-0.21,-0.59,-0.71,0.08,-0.91,-0.93,-0.28,0.27,-1.34,-1.49,1.60,-,162.0,164.0,H,H,stabilizing
1l63,A,LEU,121,MET,L121M,0.8,-6.1,1cv3,A,MET,121,LEU,M121L,1.6,6.1,0.8,10545167,5.4,65,-0.62,0.61,-1.12,-0.73,-1.29,-0.49,-1.33,-0.19,-1.178,-0.439,-1.085,-0.7,-0.8,-0.01,-0.58,-0.25,0.83,0.5,-0.9,-0.4,-1.42,-0.39,-0.39,-0.94,0.29,-0.22,-1.3,-0.71,-3.20,4.31,162.0,162.0,H,H,stabilizing
1l63,A,ALA,129,PHE,A129F,0.6,113.7,1qtc,A,PHE,129,ALA,F129A,1.5,-113.7,1.2,10623513,3.0,40,-0.25,0.32,-0.49,-3.0,-1.0,-2.44,0.18,-2.37,-1.105,-2.922,-0.917,-2.672,-0.08,-2.6,-0.47,-2.58,1.33,1.49,-1.28,-2.05,-0.24,-1.13,-1.23,-2.42,-,1.47,-0.86,-1.65,-4.10,-0.05,162.0,162.0,H,H,stabilizing
1l63,A,ALA,129,TRP,A129W,0.6,144.5,1qtd,A,TRP,129,ALA,W129A,0.1,-144.5,2.2,10623513,3.0,40,-0.2,-0.87,-0.82,-2.11,-0.84,-3.59,-0.33,-2.62,-1.956,-2.878,-1.647,-3.291,-2.55,-0.74,-0.82,-1.66,0.94,1.11,-1.66,-1.49,-0.28,-1.07,-1.20,-1.63,-,3.86,-1.43,-1.74,-11.82,-4.89,162.0,162.0,H,H,stabilizing
1l63,A,ALA,130,SER,A130S,9.5,6.9,118l,A,SER,130,ALA,S130A,7.2,-6.9,-1.0,8218201,3.0,52,-0.28,0.09,-0.99,-0.72,-1.07,-0.62,-2.37,0.45,-1.686,-0.442,-1.602,-0.659,-3.08,3.09,-0.95,0.08,0.02,-0.51,-1.1,-0.99,-1.07,-0.08,-1.72,-1.13,0.34,0.12,-0.97,-0.36,-1.98,1.17,162.0,162.0,H,H,destabilizing
1l63,A,LEU,133,PHE,L133F,0.9,33.7,1p64,A,PHE,133,LEU,F133L,0.0,-33.7,0.3,12963380,5.4,61,-0.32,-0.07,-0.82,-0.58,-0.93,-1.41,-1.65,-0.22,-1.555,0.302,-1.386,0.261,-0.84,-0.17,-0.42,-0.5,1.09,-0.56,-0.4,-1.57,-0.83,-0.49,-0.77,-1.62,1.08,-0.75,-1.14,-1.17,0.99,-,162.0,164.0,H,H,stabilizing
1l63,A,LEU,133,MET,L133M,0.9,-6.1,1cv5,A,MET,133,LEU,M133L,1.0,6.1,0.4,8901549,5.4,59,-0.37,0.35,-0.84,-0.95,-1.03,-0.64,-1.18,-0.8,-0.618,-0.333,-0.574,-0.602,-0.8,-0.01,-0.71,-0.56,0.57,0.17,-0.5,-1.17,-1.06,-0.57,-0.78,-0.76,0.48,-0.27,-0.96,-1.27,-0.43,-1.74,162.0,162.0,H,H,stabilizing
1l63,A,ALA,134,SER,A134S,22.7,6.9,119l,A,SER,134,ALA,S134A,28.0,-6.9,0.1,8218201,3.0,52,-0.68,0.53,-0.39,0.01,-1.09,-0.03,-1.1,-2.13,-1.455,-0.629,-1.484,-0.834,-2.44,2.45,-0.67,-0.36,0.61,0.38,-0.2,-1.32,-1.02,-0.08,-1.83,-0.16,-0.05,-0.08,-0.88,0.03,-0.56,2.07,162.0,162.0,H,H,stabilizing
1l63,A,ASN,144,GLU,N144E,67.2,21.9,1l39,A,GLU,144,ASN,E144N,64.9,-21.9,-0.5,1854726,6.5,65,0.54,-0.37,0.35,0.21,0.34,-0.24,0.39,-0.73,0.58,-0.346,0.097,-0.501,2.23,-2.22,0.67,-0.17,-0.18,-0.04,0.3,-0.4,0.64,-0.54,0.34,-1.44,1.84,-1.58,0.21,-0.31,-0.83,1.97,162.0,164.0,H,H,destabilizing
1l63,A,VAL,149,ALA,V149A,0.0,-52.3,237l,A,ALA,149,VAL,A149V,0.0,52.3,3.2,9514271,3.0,44,-0.36,-0.4,-2.26,-0.58,-1.99,-1.03,-2.97,1.49,-2.315,0.247,-2.082,0.08,-1.53,-0.18,-2.34,-0.73,2.85,1.6,-3.1,-1.05,-1.1,-0.21,-2.77,-1.33,-1.89,2.06,-1.51,-0.84,-3.25,3.49,162.0,164.0,H,H,stabilizing
1l63,A,VAL,149,CYS,V149C,0.0,-37.8,1g07,A,CYS,149,VAL,C149V,0.0,37.8,2.0,11316887,5.4,59,0.25,-0.15,-1.67,-0.47,-1.17,-1.01,-0.98,-1.12,-1.807,-1.006,-1.629,-1.108,-1.08,0.23,-1.82,0.03,2.32,1.73,-2.1,-1.44,-0.9,-0.43,-2.50,0.13,-2.41,1.87,-1.75,-0.62,-4.34,3.07,162.0,162.0,H,H,stabilizing
1l63,A,VAL,149,GLY,V149G,0.0,-74.5,1g0p,A,GLY,149,VAL,G149V,9.4,74.5,4.9,11316887,5.4,59,-1.44,1.4,-2.72,-0.0,-3.37,0.35,-5.24,2.66,-3.188,0.828,-2.657,0.426,-6.27,5.03,-3.42,0.4,4.17,1.16,-4.8,-0.61,-1.83,0.03,-5.02,-0.87,-3.73,3.20,-2.82,-0.8,-6.49,6.78,162.0,164.0,H,H,stabilizing
1l63,A,VAL,149,ILE,V149I,0.0,20.4,1g0q,A,ILE,149,VAL,I149V,0.0,-20.4,0.1,11316887,5.4,59,0.55,-0.38,-0.16,-1.06,-0.51,-1.43,-0.28,-1.8,-0.284,-1.766,-0.419,-1.617,-0.1,-0.98,-0.09,-0.92,1.2,1.74,-0.22,-2.01,-0.07,-1.66,-0.38,-1.22,0.65,-1.21,-1.03,-1.3,0.57,-0.57,162.0,164.0,H,H,stabilizing
1l63,A,VAL,149,MET,V149M,0.0,21.6,1cv6,A,MET,149,VAL,M149V,0.0,-21.6,2.8,10545167,5.4,65,0.76,-0.89,-0.92,-1.06,-0.32,-1.68,-1.27,-0.85,-0.713,-1.417,-0.664,-1.414,-0.08,-1.6,-0.86,-0.8,1.15,2.08,-2.09,-1.69,-0.39,-1.22,-1.02,-1.20,0.12,-0.51,-1.64,-1.19,-2.89,5.60,162.0,162.0,H,H,stabilizing
1l63,A,VAL,149,THR,V149T,0.0,-11.3,126l,A,THR,149,VAL,T149V,0.0,11.3,2.8,8218201,3.0,52,-0.66,0.83,-1.94,-0.88,-1.65,-0.11,-2.84,1.57,-2.407,-0.123,-2.258,-0.352,-3.05,2.45,-2.12,-0.26,2.84,1.07,-2.9,-1.09,-1.22,0.37,-2.68,-0.90,-2.07,2.23,-1.86,-0.62,-2.82,4.20,162.0,162.0,H,H,stabilizing
1l63,A,VAL,149,SER,V149S,0.0,-45.3,1g06,A,SER,149,VAL,S149V,0.0,45.3,4.4,11316887,5.4,59,-0.37,0.53,-2.09,-0.13,-1.83,-0.33,-3.3,1.39,-2.913,0.551,-2.692,-0.06,-4.41,2.94,-2.7,0.04,3.43,0.25,-4.3,-0.58,-2.32,0.7,-2.96,-0.09,-3.83,2.28,-2.2,-0.46,-5.20,4.93,162.0,164.0,H,H,stabilizing
1l63,A,THR,152,ALA,T152A,0.0,-41.0,1g0g,A,ALA,152,THR,A152T,1.1,41.0,1.5,11316887,5.4,59,0.43,-0.6,-1.43,-1.09,-0.99,-1.32,-1.77,0.08,-1.902,-2.041,-1.955,-1.912,1.65,-3.04,-1.27,-1.09,1.62,2.4,-1.4,-0.86,-0.58,-0.78,-0.93,-1.66,0.31,-0.44,-0.98,-1.61,1.11,-4.69,162.0,162.0,H,H,stabilizing
1l63,A,THR,152,CYS,T152C,0.0,-26.5,1g0k,A,CYS,152,THR,C152T,0.0,26.5,0.5,11316887,5.4,59,0.09,-0.33,-0.86,-0.7,-0.54,-1.8,-0.38,-1.75,-1.497,-1.433,-1.617,-1.313,3.88,-4.2,-0.65,0.64,1.59,2.69,-0.6,-1.48,-0.26,-1.29,-0.70,0.81,0.19,-0.76,-1.31,-1.89,-0.26,-1.44,162.0,164.0,H,H,stabilizing
1l63,A,THR,152,ILE,T152I,0.0,31.6,1g0m,A,ILE,152,THR,I152T,0.0,-31.6,0.4,11316887,5.4,59,-0.16,0.71,-0.4,-2.36,-0.39,-1.59,0.7,-2.68,-0.869,-2.909,-1.036,-2.704,2.58,-4.03,-0.23,-2.41,0.6,3.07,-0.5,-1.97,0.55,-2.1,-0.63,-3.23,1.49,-2.46,-0.88,-1.94,-2.45,-0.06,162.0,162.0,H,H,stabilizing
1l63,A,THR,152,SER,T152S,0.0,-34.0,1g0j,A,SER,152,THR,S152T,0.0,34.0,2.0,11316887,5.4,59,-0.02,0.43,-1.11,-0.47,-1.47,-0.65,-1.18,-1.34,-2.143,-1.044,-1.918,-1.244,-1.65,0.54,-1.33,0.35,2.18,1.28,-2.1,-0.43,-1.48,-0.54,-1.85,0.01,-0.74,-0.39,-1.54,-1.11,-1.49,0.43,162.0,164.0,H,H,stabilizing
1l63,A,THR,152,VAL,T152V,0.0,11.3,1g0l,A,VAL,152,THR,V152T,0.0,-11.3,-0.2,11316887,5.4,59,-0.35,-0.05,-0.77,-1.42,-0.38,-1.46,-0.39,-1.56,-1.187,-2.607,-1.323,-2.451,2.45,-3.05,0.29,-1.42,1.88,3.25,0.1,-1.69,0.05,-1.43,-0.49,-3.05,1.91,-1.01,-0.68,-1.82,1.34,-2.44,162.0,164.0,H,H,destabilizing
1l63,A,PHE,153,ALA,F153A,0.7,-113.7,1l85,A,ALA,153,PHE,A153F,5.6,113.7,3.8,8433369,5.7,65,-0.26,0.44,-2.68,-0.48,-3.49,-0.37,-2.52,-0.12,-2.547,-1.087,-2.3,-0.898,-2.6,-0.08,-2.35,-0.51,2.37,0.92,-3.43,-0.3,-2.82,0.18,-1.72,-1.84,-3.60,1.60,-2.55,-1.64,-6.91,2.80,162.0,162.0,H,H,stabilizing
1l63,A,PHE,153,ILE,F153I,0.7,-41.1,1l86,A,ILE,153,PHE,I153F,0.2,41.1,0.2,8433369,5.7,65,1.09,-0.77,-0.55,-1.65,-1.07,-1.08,-0.91,-0.27,-0.666,-1.834,-0.686,-1.685,-0.83,-0.29,-0.48,-1.33,1.07,1.41,-0.4,-1.56,-0.75,-1.09,-0.92,-1.66,-1.77,1.42,-2.22,-1.69,-4.22,0.90,162.0,162.0,H,H,stabilizing
1l63,A,PHE,153,LEU,F153L,0.7,-33.7,1l87,A,LEU,153,PHE,L153F,1.5,33.7,-0.3,8433369,5.7,65,1.15,-0.97,-0.46,-1.13,-0.89,-1.18,0.23,-1.27,-0.664,-1.917,-0.686,-1.77,-0.17,-0.84,-0.14,-0.8,1.23,1.99,0.25,-1.9,-0.17,-2.26,-0.78,-1.47,-0.74,0.84,-1.86,-1.71,-2.56,1.11,162.0,162.0,H,H,destabilizing
1l63,A,PHE,153,MET,F153M,0.7,-39.8,1l88,A,MET,153,PHE,M153F,1.5,39.8,0.6,8433369,5.7,65,0.9,-0.94,-0.7,-1.24,-1.13,-1.36,-0.18,-1.29,-0.632,-0.792,-0.571,-0.735,-0.31,0.02,-0.68,-0.63,1.05,2.09,-0.7,-1.33,-1.22,-0.7,-1.19,-0.44,-0.90,0.94,-1.81,-1.87,-5.17,1.13,162.0,162.0,H,H,stabilizing
1l63,A,PHE,153,VAL,F153V,0.7,-61.4,1l95,A,VAL,153,PHE,V153F,1.5,61.4,1.8,8433369,5.7,65,0.49,-0.2,-1.47,-1.21,-1.78,-0.69,-1.99,0.22,-1.378,-1.523,-1.238,-1.355,-1.42,-0.39,-1.26,-1.04,1.97,0.86,-1.7,-1.32,-1.39,-1.22,-1.42,-0.93,-3.43,2.65,-2.19,-1.61,-5.70,3.14,162.0,162.0,H,H,stabilizing
1lz1,A,VAL,2,ALA,V2A,60.1,-52.3,1oug,A,ALA,2,VAL,A2V,64.7,52.3,1.5,11087397,2.7,65,-0.77,0.64,-0.36,0.38,-0.76,0.22,-2.1,1.84,-0.931,-0.056,-0.968,-0.343,-1.5,1.51,-0.55,-0.13,0.83,0.32,-1.42,0.15,-0.23,0.03,-1.00,-0.41,-0.50,-0.15,-0.74,-0.65,-1.45,1.67,130.0,130.0,B,B,stabilizing
1lz1,A,VAL,2,GLY,V2G,60.1,-74.5,1gay,A,GLY,2,VAL,G2V,68.0,74.5,1.3,11087397,2.7,65,-0.53,0.75,-1.16,-0.0,-0.78,0.34,-3.62,3.81,-1.289,0.017,-1.204,-0.308,-2.95,2.96,-1.09,-0.24,1.07,0.1,-2.17,-0.14,-0.29,-0.18,-1.28,-1.12,-0.27,0.31,-0.85,-0.48,-3.66,4.35,130.0,130.0,B,B,stabilizing
1lz1,A,VAL,2,SER,V2S,60.1,-45.3,1gf8,A,SER,2,VAL,S2V,62.0,45.3,1.4,11927576,2.7,65,-0.35,0.45,-0.74,0.43,-0.41,0.2,-0.07,0.29,-0.87,-0.238,-1.07,-0.34,-0.45,0.45,-0.77,-0.14,0.72,0.27,-1.32,0.24,-0.19,-0.32,-1.00,-0.98,-0.68,0.63,-0.88,-0.12,-1.98,2.51,130.0,130.0,B,B,stabilizing
1lz1,A,VAL,2,TYR,V2Y,60.1,68.8,1gf9,A,TYR,2,VAL,Y2V,66.3,-68.8,0.4,11927576,2.7,65,-0.07,0.16,-0.68,0.26,-0.36,-0.02,-0.57,-0.62,-0.716,-0.636,-0.646,-0.782,-0.56,0.56,-0.55,0.0,0.6,0.2,-0.87,-0.41,-0.08,-0.09,-0.66,-1.92,-0.02,0.15,-0.57,-0.12,-0.87,0.81,130.0,130.0,B,B,stabilizing
1lz1,A,VAL,2,ASP,V2D,60.1,-11.3,1gfa,A,ASP,2,VAL,D2V,69.6,11.3,1.4,11927576,2.7,65,-0.7,0.79,-0.69,0.51,-0.64,0.63,-0.24,1.65,-0.325,0.167,-0.521,-0.005,-1.09,1.1,-0.77,-0.02,0.74,0.1,-1.03,0.01,-0.17,-0.18,-1.01,-2.16,-0.31,0.12,-0.97,-0.17,-3.08,5.04,130.0,130.0,B,B,stabilizing
1lz1,A,VAL,2,ASN,V2N,60.1,-6.3,1gfe,A,ASN,2,VAL,N2V,61.9,6.3,1.3,11927576,2.7,65,-0.34,0.38,-0.86,0.73,-0.26,0.37,-0.21,0.12,-0.428,-0.204,-0.591,-0.322,-0.85,0.85,-0.96,-0.43,0.69,0.29,-1.1,-0.13,-0.22,-0.27,-0.98,0.47,2.04,-0.85,-0.81,0.08,-0.91,1.95,130.0,130.0,B,B,stabilizing
1lz1,A,VAL,2,ARG,V2R,60.1,29.0,1gfg,A,ARG,2,VAL,R2V,75.8,-29.0,0.4,11927576,2.7,65,-0.06,0.34,-0.31,0.31,-0.18,0.14,-0.67,0.45,-0.088,0.277,-0.23,0.3,-0.33,0.33,-0.3,-0.08,0.49,0.29,-1.07,-0.02,-0.13,0.06,-0.66,-1.04,0.42,-0.39,-0.29,0.47,-2.49,1.62,130.0,130.0,B,B,stabilizing
1lz1,A,VAL,2,LEU,V2L,60.1,27.7,1gb0,A,LEU,2,VAL,L2V,56.3,-27.7,-0.3,11087397,2.7,65,-0.36,0.46,-0.15,-0.48,-0.36,0.22,-0.01,-0.53,-0.356,-0.367,-0.456,-0.593,-1.22,1.22,-0.2,-0.56,0.43,0.67,0.32,-1.03,-0.04,-0.19,-0.58,-1.25,0.23,-0.34,-0.27,-0.7,-0.18,-0.01,130.0,130.0,B,B,destabilizing
1lz1,A,VAL,2,MET,V2M,60.1,21.6,1gb2,A,MET,2,VAL,M2V,71.8,-21.6,0.2,11087397,2.7,65,-0.29,0.29,-0.23,0.13,-0.24,0.16,-0.17,0.45,-0.445,-0.298,-0.451,-0.665,-0.51,0.51,-0.25,-0.06,0.34,0.4,-0.41,-0.58,-0.03,-0.1,-0.64,-0.54,-0.03,0.50,-0.13,-0.09,-1.05,1.17,130.0,130.0,B,B,stabilizing
1lz1,A,VAL,2,PHE,V2F,60.1,61.4,1gb3,A,PHE,2,VAL,F2V,62.4,-61.4,0.8,11087397,2.7,65,-0.16,0.12,-0.67,-0.34,-0.32,-0.02,-0.15,0.38,-0.875,-0.817,-0.823,-0.898,-0.01,0.02,-0.63,-0.59,0.6,0.04,-0.56,-1.0,-0.06,-0.22,-0.73,-1.03,0.18,0.08,-0.52,-0.33,-1.07,1.26,130.0,130.0,B,B,stabilizing
1lz1,A,TYR,20,PHE,Y20F,22.7,-7.4,1wqn,A,PHE,20,TYR,F20Y,20.1,7.4,0.5,9649316,2.7,65,-0.32,0.24,-0.38,-0.64,-0.76,-0.11,-1.13,0.77,-0.867,-0.349,-0.841,-0.366,-0.28,0.28,-0.23,-0.33,0.79,0.92,-0.6,-1.39,-0.27,-0.22,-0.70,-1.24,-0.02,-0.36,-0.87,-0.97,-0.34,-,130.0,130.0,B,B,stabilizing
1lz1,A,ILE,23,ALA,I23A,8.2,-72.6,2heb,A,ALA,23,ILE,A23I,8.9,72.6,2.5,9398521,2.7,65,-1.04,0.85,-1.84,0.1,-2.75,0.15,-3.19,1.7,-2.733,-0.041,-2.31,-0.25,-3.41,2.33,-1.94,-0.02,1.58,-0.02,-2.44,-0.05,-1.35,-0.22,-2.06,-0.49,-3.15,3.30,-1.6,-0.69,-5.36,4.80,130.0,130.0,B,B,stabilizing
1lz1,A,ILE,23,VAL,I23V,8.2,-20.4,1yan,A,VAL,23,ILE,V23I,7.0,20.4,0.4,7473760,2.7,65,0.24,-0.05,-0.38,0.03,-1.08,-0.7,-0.48,1.52,-1.324,-0.388,-1.26,-0.417,-0.73,0.74,-0.42,-0.16,0.86,0.27,-0.46,-0.34,-0.96,-0.33,-0.74,-0.98,-1.14,0.93,-0.45,-0.48,-1.55,-,130.0,130.0,B,B,stabilizing
1lz1,A,TYR,38,PHE,Y38F,9.3,-7.4,1wqo,A,PHE,38,TYR,F38Y,10.3,7.4,0.2,9649316,2.7,65,-0.21,0.22,-0.29,-0.17,-0.69,-0.71,0.23,-3.02,-1.127,-0.774,-1.052,-0.816,0.8,-0.8,-0.14,-0.24,1.0,0.97,-0.29,-1.51,-0.44,-0.48,-0.47,-1.37,0.75,-0.43,-0.64,-1.16,0.18,-,130.0,130.0,T,S,stabilizing
1lz1,A,TYR,45,PHE,Y45F,54.2,-7.4,1wqp,A,PHE,45,TYR,F45Y,51.3,7.4,-0.1,9649316,2.7,65,0.04,-0.09,0.02,-0.23,0.0,-0.12,-0.31,1.09,-0.392,0.024,-0.675,-0.285,0.11,-0.1,0.3,0.06,-0.5,-0.36,-0.03,-1.36,-0.13,-0.21,-0.01,-0.59,0.42,-0.60,-0.13,0.24,-0.58,-,130.0,130.0,E,E,destabilizing
1lz1,A,ALA,47,PRO,A47P,67.3,41.0,1lhl,A,PRO,47,ALA,P47A,68.9,-41.0,-0.1,1643041,2.8,69,0.66,-0.77,0.31,-0.61,0.44,-0.61,-0.2,0.17,-0.262,-0.63,-0.413,-0.766,-0.41,0.41,0.42,-0.24,-0.37,-0.14,0.0,-1.86,0.27,-0.42,-0.42,-1.46,1.41,-1.73,-0.39,-0.24,1.77,-2.22,130.0,130.0,T,T,destabilizing
1lz1,A,TYR,54,PHE,Y54F,9.2,-7.4,1wqq,A,PHE,54,TYR,F54Y,9.4,7.4,1.0,9649316,2.7,65,-0.62,0.57,-0.85,-0.69,-0.94,-0.58,-0.15,0.19,-1.21,-0.994,-1.274,-0.973,1.33,-1.32,-0.71,-0.76,1.34,1.33,-0.86,-1.3,-0.45,-0.76,-0.70,-1.60,-0.62,0.55,-0.8,-0.73,-2.39,-,130.0,130.0,E,E,stabilizing
1lz1,A,ILE,56,ALA,I56A,1.4,-72.6,2hec,A,ALA,56,ILE,A56I,5.2,72.6,3.7,9398521,2.7,65,-0.61,0.16,-2.79,0.74,-2.55,-0.53,-4.28,1.56,-3.552,-0.383,-3.021,-0.347,-2.48,0.24,-2.95,0.91,3.3,0.87,-3.61,-0.49,-1.83,-0.04,-3.24,-0.42,-3.10,3.23,-2.58,-0.35,-5.27,3.85,130.0,130.0,T,T,stabilizing
1lz1,A,ILE,56,THR,I56T,1.4,-31.6,1oua,A,THR,56,ILE,T56I,0.5,31.6,4.3,9010773,2.7,65,-0.57,0.61,-2.62,0.38,-2.25,0.15,-3.66,0.7,-3.681,-0.375,-3.351,-0.404,-2.75,1.29,-3.07,-0.68,3.46,-0.07,-3.63,-0.47,-1.7,-0.05,-3.10,-0.96,-3.33,1.91,-3.22,-0.2,-5.50,2.12,130.0,130.0,T,T,stabilizing
1lz1,A,ILE,56,VAL,I56V,1.4,-20.4,1yao,A,VAL,56,ILE,V56I,1.4,20.4,1.2,7473760,2.7,65,0.02,-0.18,-1.11,0.7,-1.21,-0.97,-3.26,0.45,-2.375,-1.126,-1.971,-1.021,-1.48,0.39,-0.96,-0.53,2.08,0.79,-1.24,-0.98,-0.95,-0.6,-1.13,-0.45,-1.03,1.28,-0.65,-0.28,-3.31,-,130.0,130.0,T,T,stabilizing
1lz1,A,ILE,59,ALA,I59A,1.6,-72.6,2hed,A,ALA,59,ILE,A59I,7.6,72.6,1.7,9398521,2.7,65,-1.41,1.29,-1.85,-0.02,-3.1,0.27,-1.83,7.95,-2.926,0.208,-2.543,-0.153,-3.25,2.13,-1.67,0.01,2.74,-0.61,-1.82,-0.47,-2.27,-0.03,-2.10,-0.49,-2.62,0.72,-2.03,-0.5,-5.21,0.94,130.0,130.0,E,E,stabilizing
1lz1,A,ILE,59,GLY,I59G,1.6,-94.9,2hee,A,GLY,59,ILE,G59I,12.2,94.9,3.8,9398521,2.7,65,-1.54,1.08,-2.57,-0.03,-3.85,0.61,-3.33,7.56,-3.643,0.467,-3.093,0.045,-6.21,4.78,-2.85,0.0,4.31,-2.25,-3.73,0.31,-2.56,0.32,-3.51,-1.55,-4.04,0.67,-3.4,-0.65,-7.49,0.76,130.0,130.0,E,E,stabilizing
1lz1,A,ILE,59,VAL,I59V,1.6,-20.4,1yap,A,VAL,59,ILE,V59I,4.1,20.4,1.1,7473760,2.7,65,-0.51,-0.1,-1.05,-0.03,-1.46,-0.94,-1.92,-2.09,-1.416,-0.379,-1.448,-0.52,-0.83,-0.26,-0.85,-0.11,0.65,-0.61,-1.03,-0.57,-1.36,-0.38,-1.04,-0.56,-1.03,-0.36,-0.71,-0.54,-1.97,-,130.0,130.0,E,E,stabilizing
1lz1,A,TYR,63,PHE,Y63F,51.1,-7.4,1wqr,A,PHE,63,TYR,F63Y,46.2,7.4,0.2,9649316,2.7,65,-0.25,0.2,-0.3,-0.54,-0.29,-0.1,-0.64,-0.55,-0.819,-0.469,-0.933,-0.537,0.27,-0.27,-0.01,-0.42,0.57,0.24,-0.34,-1.49,0.0,0.05,-0.42,-1.05,0.34,-0.31,-0.13,-0.88,-0.03,-,130.0,130.0,T,T,stabilizing
1lz1,A,PRO,71,GLY,P71G,46.3,-63.2,1lhi,A,GLY,71,PRO,G71P,61.0,63.2,1.6,1643041,2.8,69,-1.16,0.12,-1.51,-0.23,-1.37,-0.26,-1.06,-0.01,-1.04,-0.439,-0.862,-0.393,-3.2,-6.53,-1.44,-0.47,0.95,0.39,-1.5,-0.46,-0.29,-0.18,-1.64,-2.05,-0.97,-8.29,-0.28,-0.94,-3.83,-,130.0,130.0,T,S,stabilizing
1lz1,A,VAL,74,ALA,V74A,54.5,-52.3,1ouh,A,ALA,74,VAL,A74V,47.4,52.3,0.4,11087397,2.7,65,0.13,0.7,-0.25,0.14,-0.17,0.28,-0.16,-0.24,-0.856,-0.309,-1.052,-0.623,0.3,1.51,-0.08,0.12,0.29,0.49,-0.46,-0.21,-0.7,-0.24,-0.32,-0.83,0.52,-0.50,-0.36,-0.72,-0.96,0.00,130.0,130.0,-,-,stabilizing
1lz1,A,VAL,74,GLY,V74G,54.5,-74.5,1gb5,A,GLY,74,VAL,G74V,38.5,74.5,0.1,11087397,2.7,65,-0.76,0.03,-0.78,-0.21,-1.07,-0.06,-0.51,-0.61,-1.286,-0.32,-1.265,-0.666,-2.36,1.63,-0.32,-0.12,0.4,1.17,-1.84,0.27,-0.37,-0.43,-0.31,-1.29,0.10,-0.46,-0.31,-0.56,-2.99,-1.57,130.0,130.0,-,-,stabilizing
1lz1,A,VAL,74,ILE,V74I,54.5,20.4,1gb6,A,ILE,74,VAL,I74V,58.9,-20.4,1.9,11087397,2.7,65,0.12,0.18,0.15,-0.01,0.0,0.09,-0.33,0.1,-0.375,-0.474,-0.611,-0.727,0.44,0.26,0.37,-0.1,-0.1,0.31,-0.15,-0.31,-0.23,-0.2,-0.01,-0.69,0.17,-0.08,0.12,-0.19,0.02,-1.10,130.0,130.0,-,-,stabilizing
1lz1,A,VAL,74,LEU,V74L,54.5,27.7,1gb7,A,LEU,74,VAL,L74V,57.5,-27.7,0.4,11087397,2.7,65,0.08,0.62,-0.08,-0.52,-0.04,0.33,0.7,-1.49,-0.361,-0.593,-0.611,-0.881,0.76,1.22,0.24,-0.27,0.09,0.57,-0.02,-0.55,-0.4,-0.08,-0.08,-0.69,1.41,-0.39,-0.19,-0.33,-0.82,1.23,130.0,130.0,-,-,stabilizing
1lz1,A,VAL,74,MET,V74M,54.5,21.6,1gb8,A,MET,74,VAL,M74V,64.5,-21.6,0.4,11087397,2.7,65,-0.27,0.66,0.01,-0.18,-0.33,0.34,0.48,-1.48,-0.399,0.057,-0.491,-0.374,0.58,0.51,0.32,-0.07,-0.06,0.53,-0.14,-0.54,-0.29,-0.05,0.01,-0.43,-0.29,-1.25,0.02,0.0,-0.39,0.20,130.0,130.0,-,-,stabilizing
1lz1,A,VAL,74,PHE,V74F,54.5,61.4,1gb9,A,PHE,74,VAL,F74V,61.7,-61.4,0.0,11087397,2.7,65,-0.17,0.6,-0.38,-0.45,-0.44,0.35,0.41,-0.68,-1.019,-0.778,-1.055,-0.923,0.4,0.02,-0.15,-0.47,0.2,0.31,-0.27,-0.75,-0.4,-0.17,-0.25,-2.15,1.19,-0.58,-0.39,-0.36,-0.14,-0.91,130.0,130.0,-,-,stabilizing
1lz1,A,VAL,74,TYR,V74Y,54.5,68.8,1gfh,A,TYR,74,VAL,Y74V,68.2,-68.8,0.3,11927576,2.7,65,-0.08,0.56,-0.43,-0.18,-0.38,0.27,-0.57,1.94,-0.811,-0.37,-0.828,-0.582,-0.1,0.56,-0.13,0.14,0.18,0.22,-0.78,-0.16,-0.41,-0.06,-0.34,-2.67,1.12,-0.01,-0.28,-0.2,0.47,0.14,130.0,130.0,-,-,stabilizing
1lz1,A,VAL,74,ASP,V74D,54.5,-11.3,1gfj,A,ASP,74,VAL,D74V,69.1,11.3,0.4,11927576,2.7,65,0.51,0.38,-0.43,0.27,0.23,0.24,-0.27,2.08,-0.229,0.036,-0.55,-0.185,0.34,1.1,-0.33,0.1,0.28,0.26,-0.61,-0.24,-0.46,-0.2,-0.38,-2.14,0.76,-1.78,-0.56,-0.31,-2.40,2.22,130.0,130.0,-,-,stabilizing
1lz1,A,VAL,74,ASN,V74N,54.5,-6.3,1gfk,A,ASN,74,VAL,N74V,65.4,6.3,0.3,11927576,2.7,65,0.03,0.13,-0.44,0.48,-0.19,0.16,-0.84,-0.98,-0.309,-0.14,-0.535,-0.355,-0.16,0.85,-0.17,0.42,0.26,0.46,-0.86,0.0,-0.36,-0.08,-0.34,-0.38,0.70,-0.74,-0.42,0.07,-0.83,1.28,130.0,130.0,-,-,stabilizing
1lz1,A,VAL,74,ARG,V74R,54.5,29.0,1gfr,A,ARG,74,VAL,R74V,81.3,-29.0,0.1,11927576,2.7,65,0.12,0.4,-0.18,0.18,-0.07,0.2,-0.13,-1.49,0.0,0.364,-0.194,0.321,0.27,0.33,-0.09,0.17,0.17,0.34,-0.73,0.02,-0.41,0.27,-0.21,-1.16,1.13,0.35,-0.11,0.54,-2.07,-0.75,130.0,130.0,-,-,stabilizing
1lz1,A,VAL,74,SER,V74S,54.5,-45.3,1b7s,A,SER,74,VAL,S74V,62.0,45.3,0.4,11927576,2.7,65,0.43,0.15,-0.46,-0.12,0.01,0.02,-0.48,-1.05,-0.761,-0.293,-1.036,-0.465,0.41,0.45,-0.17,0.17,0.19,0.36,-0.87,0.18,-0.24,-0.11,-0.37,-0.71,0.15,-0.81,-0.44,-0.12,-2.88,1.78,130.0,130.0,-,-,stabilizing
1lz1,A,CYS,77,ALA,C77A,15.3,-14.5,1hnl,A,ALA,77,CYS,A77C,28.2,14.5,4.6,1525170,4.5,57,-2.47,0.86,-1.0,-0.66,-1.48,-0.05,-3.19,0.23,-2.272,-0.358,-2.094,-0.489,-0.65,0.8,-2.01,-0.65,3.77,0.82,-4.5,-1.68,-1.59,-0.62,-3.30,-0.78,-3.63,-2.41,-2.56,-0.79,-0.45,-0.74,130.0,130.0,T,-,stabilizing
1lz1,A,ILE,89,ALA,I89A,3.7,-72.6,2hef,A,ALA,89,ILE,A89I,6.8,72.6,2.7,9398521,2.7,65,-0.73,0.63,-2.59,0.3,-2.3,-0.22,-2.46,-1.17,-2.854,-0.366,-2.416,-0.365,-2.48,0.24,-2.23,0.48,2.58,-0.82,-2.68,-0.56,-2.02,0.05,-2.18,0.41,-3.18,2.49,-1.42,-0.59,-4.91,4.13,130.0,130.0,-,-,stabilizing
1lz1,A,ILE,89,VAL,I89V,3.7,-20.4,1yaq,A,VAL,89,ILE,V89I,3.4,20.4,0.5,7473760,2.7,65,-0.05,-0.12,-0.8,0.14,-0.94,-0.97,-2.26,-1.36,-1.757,-0.727,-1.466,-0.697,-1.48,0.39,-0.39,-0.4,0.91,0.09,-0.45,-1.25,-1.02,-0.28,-0.71,-0.72,-1.65,0.72,-0.27,-0.1,0.27,-,130.0,130.0,-,T,stabilizing
1lz1,A,ASP,91,PRO,D91P,37.7,0.0,1lhk,A,PRO,91,ASP,P91D,22.1,0.0,0.4,1643041,2.8,69,-0.48,-0.09,-0.27,-1.14,-0.51,-0.43,-2.03,-0.4,0.239,-1.014,0.184,-1.275,-1.07,1.07,-0.28,-1.16,-0.36,1.45,-0.5,-0.96,-0.24,-0.55,-1.23,-2.15,1.06,-2.00,-0.46,-0.74,2.69,-3.47,130.0,130.0,H,H,stabilizing
1lz1,A,VAL,93,ALA,V93A,2.7,-52.3,1oui,A,ALA,93,VAL,A93V,2.0,52.3,0.7,9020766,2.7,65,0.51,-0.19,-1.34,0.0,-1.81,-0.33,-2.03,0.03,-2.063,-0.191,-1.863,-0.333,-1.53,-0.18,-0.91,-0.39,1.62,0.36,-0.9,-0.28,-1.05,-0.26,-1.44,-0.54,-1.80,-0.06,-1.32,-0.26,0.62,-1.14,130.0,130.0,H,H,stabilizing
1lz1,A,VAL,99,ALA,V99A,1.6,-52.3,1ouj,A,ALA,99,VAL,A99V,3.3,52.3,1.0,9020766,2.7,65,0.56,-0.32,-0.88,-0.35,-1.35,-1.0,-0.97,0.12,-2.144,0.099,-1.932,-0.061,-1.53,-0.18,-0.73,-0.26,1.21,0.19,-0.99,-0.73,-1.1,-0.45,-1.36,-0.28,-1.83,1.25,-1.45,-0.83,-3.22,-0.20,130.0,130.0,H,H,stabilizing
1lz1,A,VAL,100,ALA,V100A,0.8,-52.3,1oub,A,ALA,100,VAL,A100V,2.7,52.3,0.3,9020766,2.7,65,0.6,-0.32,-0.61,-0.23,-1.56,-0.53,-2.52,-0.51,-2.584,0.225,-2.33,0.059,-1.53,-0.18,-0.34,-0.15,0.81,0.51,-0.47,-0.41,-1.04,-0.5,-0.97,-2.73,-2.09,-2.88,-1.3,-0.69,0.87,-3.26,130.0,130.0,H,H,stabilizing
1lz1,A,PRO,103,GLY,P103G,92.4,-63.2,1lhj,A,GLY,103,PRO,G103P,100.0,63.2,0.1,1643041,2.8,69,-0.95,0.68,-0.77,-0.18,-1.08,0.63,0.05,-0.14,-0.235,-0.167,-0.299,-0.538,-2.5,2.5,-0.21,-0.06,0.46,0.38,-0.2,-0.89,-0.05,-0.03,-,-,-0.73,0.22,-0.36,-0.37,-2.27,-10.77,130.0,130.0,T,T,stabilizing
1lz1,A,ILE,106,ALA,I106A,2.8,-72.6,2hea,A,ALA,106,ILE,A106I,6.8,72.6,0.9,9398521,2.7,65,0.11,0.2,-1.84,0.14,-1.8,-0.56,-1.59,1.56,-2.61,1.27,-2.346,1.098,-2.25,1.13,-1.43,-0.1,1.6,-0.29,-1.03,-0.15,-1.53,-0.03,-1.86,-0.41,-3.09,1.13,-1.45,-0.32,-5.02,0.38,130.0,130.0,G,G,stabilizing
1lz1,A,ILE,106,VAL,I106V,2.8,-20.4,1yam,A,VAL,106,ILE,V106I,7.4,20.4,0.7,7473760,2.7,65,0.14,-0.33,-0.66,0.37,-1.09,-0.94,-1.05,-0.94,-1.388,0.142,-1.303,-0.036,-0.98,0.53,-0.5,-0.34,0.58,-0.45,-0.82,0.02,-1.0,-0.59,-0.87,-0.51,-1.11,1.34,-0.68,-0.29,-2.51,-,130.0,130.0,G,G,stabilizing
1lz1,A,VAL,110,ALA,V110A,47.9,-52.3,1ouc,A,ALA,110,VAL,A110V,44.5,52.3,-0.5,11087397,2.7,65,0.33,0.04,0.24,0.22,-0.05,-0.44,0.48,-0.97,-0.499,-0.297,-0.861,-0.504,1.57,-1.57,0.35,-0.3,-0.05,0.17,0.17,0.39,-0.17,-0.32,0.11,-0.87,0.51,-0.46,-0.03,-0.64,0.41,-0.42,130.0,130.0,H,H,destabilizing
1lz1,A,VAL,110,ASP,V110D,47.9,-11.3,1gfu,A,ASP,110,VAL,D110V,55.8,11.3,-0.2,11927576,2.7,65,0.71,-0.43,0.01,0.52,0.43,-0.33,-0.05,0.02,0.02,0.149,-0.36,-0.112,-0.47,0.48,0.26,-0.51,-0.08,-0.17,0.27,0.37,0.8,-0.56,0.08,-1.31,2.06,-2.76,-0.37,-0.04,-0.08,1.55,130.0,130.0,H,H,destabilizing
1lz1,A,VAL,110,GLY,V110G,47.9,-74.5,1gbo,A,GLY,110,VAL,G110V,43.5,74.5,2.2,11087397,2.7,65,-0.3,0.37,-0.21,-0.17,-0.74,-0.12,-1.07,1.12,-0.952,-0.055,-1.058,-0.507,-2.1,2.11,0.3,-0.1,0.24,-0.02,-0.34,0.29,-0.09,-0.36,0.10,-0.11,0.55,-0.24,-0.15,-0.39,0.19,-0.05,130.0,130.0,H,H,stabilizing
1lz1,A,VAL,110,ILE,V110I,47.9,20.4,1gbw,A,ILE,110,VAL,I110V,53.3,-20.4,0.8,11087397,2.7,65,-0.28,0.13,0.71,0.19,-0.33,-0.05,1.09,-0.98,-0.14,-0.272,-0.474,-0.573,0.35,-0.35,0.87,-0.48,-0.49,-0.29,1.07,0.12,-0.03,-0.16,0.34,-0.57,-0.02,-0.15,0.37,0.06,-0.26,0.00,130.0,130.0,H,H,stabilizing
1lz1,A,VAL,110,LEU,V110L,47.9,27.7,1gbx,A,LEU,110,VAL,L110V,58.6,-27.7,-0.1,11087397,2.7,65,-0.17,-0.02,0.45,-0.2,-0.25,-0.04,0.96,-0.27,-0.127,-0.042,-0.474,-0.362,0.63,-0.63,0.53,-0.12,-0.3,0.2,0.98,-0.07,-0.01,-0.17,0.12,-1.98,0.41,-0.37,-0.03,-0.15,0.47,0.15,130.0,130.0,H,H,destabilizing
1lz1,A,VAL,110,MET,V110M,47.9,21.6,1gby,A,MET,110,VAL,M110V,60.3,-21.6,-0.4,11087397,2.7,65,-0.08,0.25,0.4,0.2,-0.12,0.2,1.39,1.03,-0.171,0.366,-0.372,-0.092,0.79,-0.79,0.65,-0.49,-0.45,0.09,0.78,-0.02,-0.03,-0.06,0.20,-0.04,0.25,-0.22,0.19,0.02,-0.57,-1.51,130.0,130.0,H,H,destabilizing
1lz1,A,VAL,110,ASN,V110N,47.9,-6.3,1gfv,A,ASN,110,VAL,N110V,59.8,6.3,-0.1,11927576,2.7,65,0.22,0.08,-0.08,0.53,0.08,0.09,-0.81,-0.79,-0.214,0.179,-0.432,-0.166,-1.49,1.5,0.15,-0.71,-0.08,-0.15,0.23,0.43,0.75,-0.54,0.01,0.90,0.63,-0.35,-0.32,0.08,0.34,-0.25,130.0,130.0,H,H,destabilizing
1lz1,A,VAL,110,ARG,V110R,47.9,29.0,1inu,A,ARG,110,VAL,R110V,78.2,-29.0,-0.9,11927576,2.7,65,0.0,0.02,0.35,0.42,0.11,0.11,1.24,-0.57,0.15,0.383,-0.114,0.31,0.83,-0.82,0.74,-0.7,-0.2,0.01,0.45,0.26,0.07,0.06,0.21,-0.41,0.45,-0.99,0.15,0.62,0.37,0.76,130.0,130.0,H,H,destabilizing
1lz1,A,VAL,110,PHE,V110F,47.9,61.4,1gbz,A,PHE,110,VAL,F110V,65.6,-61.4,1.9,11087397,2.7,65,-0.29,0.28,0.02,-0.2,-0.4,0.17,0.1,0.55,-0.787,-0.452,-0.859,-0.624,0.31,-0.3,-0.16,-0.01,-0.11,-0.14,0.63,-0.3,-0.11,0.15,-0.01,-1.74,0.27,-0.54,-0.32,0.0,-1.27,-,130.0,130.0,H,H,stabilizing
1lz1,A,VAL,110,PRO,V110P,47.9,-11.3,1lhh,A,PRO,110,VAL,P110V,50.6,11.3,-0.5,1643041,2.8,69,1.06,-1.13,0.2,-0.1,0.76,-0.97,-0.96,-0.89,-0.291,-0.394,-0.567,-0.723,-0.76,0.77,0.45,-0.13,-0.27,0.04,0.4,0.34,0.47,-0.39,0.11,-1.42,2.43,-2.37,-0.09,0.14,1.80,-0.34,130.0,130.0,H,H,destabilizing
1lz1,A,VAL,110,TYR,V110Y,47.9,68.8,1gft,A,TYR,110,VAL,Y110V,72.6,-68.8,0.1,11927576,2.7,65,-0.26,0.07,-0.06,0.19,-0.42,0.07,-0.23,0.7,-0.6,-0.042,-0.65,-0.287,-0.17,0.17,-0.14,-0.44,-0.17,-0.26,0.44,0.08,-0.09,0.06,-0.05,-0.60,0.23,-0.77,-0.35,0.04,-0.58,-0.09,130.0,130.0,H,H,stabilizing
1lz1,A,VAL,121,ALA,V121A,8.0,-52.3,1oud,A,ALA,121,VAL,A121V,8.4,52.3,1.4,9020766,2.7,65,0.04,-0.52,-1.11,-0.31,-1.47,-0.93,-2.1,-3.79,-2.028,-0.703,-1.949,-0.75,-0.4,0.12,-1.18,-0.45,0.9,1.28,-1.65,-0.52,-1.09,-0.3,-1.33,-0.66,-1.18,0.67,-1.2,-0.44,-3.38,0.10,130.0,130.0,-,-,stabilizing
1lz1,A,TYR,124,PHE,Y124F,8.6,-7.4,1wqm,A,PHE,124,TYR,F124Y,6.8,7.4,0.4,9649316,2.7,65,-0.31,0.52,-0.32,-0.54,-0.76,-0.58,-0.0,-1.03,-1.044,-1.4,-1.304,-1.295,2.11,-2.11,-0.06,-0.34,0.88,1.56,-0.46,-1.44,-0.55,-0.51,0.20,-1.61,-0.41,-0.03,-0.43,-0.94,-0.43,-,130.0,130.0,G,G,stabilizing
1lz1,A,VAL,125,ALA,V125A,16.1,-52.3,1oue,A,ALA,125,VAL,A125V,8.1,52.3,1.3,9020766,2.7,65,0.62,0.13,-1.36,-0.12,-1.3,-0.7,-0.81,-1.33,-2.07,-0.717,-1.989,-0.764,-0.09,0.44,-1.18,-0.22,1.55,2.16,-1.42,-0.33,-1.21,-0.02,-1.36,-0.36,-1.83,0.41,-0.67,-0.81,-3.44,2.32,130.0,130.0,T,T,stabilizing
1lz1,A,VAL,130,ALA,V130A,51.1,-52.3,1ouf,A,ALA,130,VAL,A130V,53.9,52.3,0.8,9020766,2.7,65,-0.24,0.12,-0.85,0.31,-0.61,-0.05,-0.04,-0.68,-0.545,-0.219,-0.601,-0.296,0.23,-0.22,-0.66,-0.17,0.39,0.49,-0.94,0.39,-0.9,0.12,-0.80,0.61,-1.39,-0.88,-0.91,-1.85,1.74,-5.51,130.0,130.0,-,-,stabilizing
1oh0,A,TYR,32,PHE,Y32F,0.0,-7.4,1dmq,A,PHE,32,TYR,F32Y,0.0,7.4,-0.2,10769113,7.0,25,0.58,-0.84,-0.77,-1.35,-0.64,-1.05,-1.55,-3.92,-1.198,-1.532,-1.388,-1.403,1.01,-1.65,-0.82,0.79,1.04,1.63,-0.46,-1.31,-0.32,-1.6,-1.52,-,-0.46,0.46,-,-,1.18,0.04,125.0,123.0,E,E,destabilizing
1oh0,A,TYR,57,PHE,Y57F,4.8,-7.4,1dmm,A,PHE,57,TYR,F57Y,4.7,7.4,1.2,10769113,7.0,25,0.28,-0.48,-0.76,-1.11,-0.81,-0.98,-0.29,-2.08,-0.702,-0.824,-0.802,-0.714,1.79,-2.43,-0.49,-0.64,0.8,1.1,-0.9,-1.5,-1.85,-0.48,-0.57,-,-2.05,0.01,-,-,-1.88,-0.02,125.0,123.0,H,H,stabilizing
1rn1,C,GLN,25,LYS,Q25K,44.1,12.1,1rgc,A,LYS,25,GLN,K25Q,47.5,-12.1,-1.4,2663837,7.0,25,-0.27,0.26,0.53,0.06,-0.18,-0.05,1.19,-1.65,0.162,-0.12,-0.193,-0.383,-0.19,0.19,0.55,0.33,-0.43,-0.26,0.84,-0.16,-0.79,-0.4,-,-0.50,0.31,-0.41,0.15,-0.96,-1.02,-1.23,104.0,104.0,H,H,destabilizing
1vqb,A,ILE,47,LEU,I47L,2.0,7.3,1vqg,A,LEU,47,ILE,L47I,1.5,-7.3,0.4,2000379,7.1,25,-0.76,0.46,-1.34,-1.4,-1.09,-0.71,-1.85,-3.33,-1.087,-0.952,-1.156,-1.039,-0.59,0.43,-0.99,-1.81,1.8,2.22,-0.8,-2.17,-1.05,-0.81,-1.10,-2.87,0.34,-0.17,-0.59,-0.66,-3.01,1.67,86.0,86.0,E,E,stabilizing
1vqb,A,ILE,47,MET,I47M,2.0,1.2,1vqh,A,MET,47,ILE,M47I,1.6,-1.2,1.7,2000379,7.1,25,-1.16,0.87,-2.12,-1.2,-1.29,-0.34,-2.45,-2.8,-1.188,-1.217,-0.935,-1.426,-1.26,0.08,-2.12,-1.05,2.06,0.87,-2.2,-1.78,-2.5,-0.89,-1.72,-1.25,0.14,-0.40,-1.23,-0.63,-3.42,0.75,86.0,86.0,E,E,stabilizing
1vqb,A,ILE,47,VAL,I47V,2.0,-20.4,1vqi,A,VAL,47,ILE,V47I,2.5,20.4,2.0,2000379,7.1,25,0.25,-0.18,-1.58,-0.85,-0.96,-0.87,-2.97,-1.49,-1.558,-0.7,-1.575,-0.81,-0.83,-0.26,-1.79,-0.7,1.57,1.33,-2.6,-1.37,-1.07,-0.29,-1.90,-0.66,-1.14,0.67,-1.07,-0.47,-3.02,2.08,86.0,86.0,E,E,stabilizing
1vqb,A,VAL,35,ILE,V35I,6.1,20.4,1vqj,A,ILE,35,VAL,I35V,7.1,-20.4,0.6,2000379,7.1,25,-0.03,-0.12,-0.75,-1.15,-0.78,-1.02,-0.14,0.09,-0.486,-1.214,-0.62,-1.27,0.29,-0.28,-0.57,-0.97,0.85,1.21,-0.7,-1.87,-0.42,-1.25,-1.25,-0.94,0.61,-0.68,-0.16,-0.73,-0.74,-0.43,86.0,86.0,E,E,stabilizing
1vqb,A,TYR,41,PHE,Y41F,80.1,-7.4,1yhb,A,PHE,41,TYR,F41Y,77.7,7.4,3.2,8378307,7.1,25,-0.16,0.23,-0.13,-0.47,0.03,0.19,0.1,0.74,0.073,-0.047,-0.28,-0.319,0.41,-0.41,-0.2,-0.26,0.64,0.7,-0.5,-0.98,0.4,0.58,-0.73,-1.03,0.75,-0.17,0.06,0.18,-0.18,0.19,86.0,87.0,S,S,stabilizing
2lzm,A,ILE,3,LEU,I3L,12.1,7.3,149l,A,LEU,3,ILE,L3I,14.1,-7.3,-0.7,8771182,5.4,70,-0.04,0.22,0.28,-1.29,-0.63,-0.66,-0.18,0.26,-0.664,-0.625,-0.796,-0.732,0.52,-0.29,0.83,-1.02,0.1,0.72,0.8,-1.32,-0.43,-0.57,0.40,-1.06,-0.55,-0.76,-0.54,-0.85,0.54,-0.90,164.0,164.0,H,H,destabilizing
2lzm,A,ILE,3,CYS,I3C,12.1,-58.1,172l,A,CYS,3,ILE,C3I,13.4,58.1,0.0,3405287,6.5,65,-0.39,-0.1,-1.7,-0.25,-1.59,-0.84,1.24,-2.19,-1.324,-0.915,-1.33,-1.021,0.4,-0.82,-1.41,-0.43,0.99,0.52,-1.59,-0.55,-1.91,0.25,-0.48,-0.68,-2.65,-2.07,-0.76,-0.59,-5.02,-0.74,164.0,164.0,H,H,stabilizing
2lzm,A,ILE,3,PRO,I3P,12.1,-31.6,1l96,A,PRO,3,ILE,P3I,20.0,31.6,3.0,1420185,2.0,39,-0.09,-0.04,-2.33,-0.68,-1.29,-0.05,-2.83,0.49,-1.601,-0.26,-1.271,-0.612,-5.09,4.83,-2.43,-0.68,1.41,-0.35,-2.86,0.06,-1.69,0.76,-2.85,-1.84,-0.68,0.24,-1.7,-0.76,-2.72,2.98,164.0,162.0,H,H,stabilizing
2lzm,A,ILE,3,TYR,I3Y,12.1,48.4,1l18,A,TYR,3,ILE,Y3I,31.4,-48.4,2.3,3405287,6.5,65,0.07,-1.04,-1.62,-0.77,-0.73,-1.01,-1.78,-2.75,-1.798,-1.047,-1.47,-1.231,-1.9,2.02,-1.66,-0.65,1.38,-0.58,-2.4,-0.29,-1.89,-0.26,-2.32,-0.69,-2.97,-0.87,-1.84,-1.24,-3.06,0.55,164.0,164.0,H,H,stabilizing
2lzm,A,ILE,3,VAL,I3V,12.1,-20.4,1l17,A,VAL,3,ILE,V3I,11.4,20.4,0.4,3405287,6.5,65,0.11,0.02,-0.49,-0.62,-0.9,-0.74,-1.39,-0.17,-1.221,-0.464,-1.271,-0.614,-0.5,0.53,-0.23,-0.42,0.59,-0.45,-0.5,-0.6,-1.54,-0.3,-0.68,-0.22,-0.97,0.85,-0.63,-1.03,-2.11,2.50,164.0,164.0,H,H,stabilizing
2lzm,A,MET,6,ILE,M6I,0.0,-1.2,150l,A,ILE,6,MET,I6M,1.5,1.2,1.4,1854726,6.5,65,-0.37,0.51,-1.29,-0.75,-0.99,-0.79,-1.75,-0.02,-1.008,-1.045,-1.222,-0.966,-0.62,-0.3,-1.24,-0.65,1.18,0.78,-1.48,-1.59,-2.0,0.28,-1.85,-1.57,-3.53,1.03,-2.34,-1.4,-0.18,0.52,164.0,164.0,H,H,stabilizing
2lzm,A,LYS,16,GLU,K16E,53.6,-12.1,1l42,A,GLU,16,LYS,E16K,69.2,12.1,-0.5,1942034,5.3,67,-0.03,-0.03,-0.21,-0.16,-0.13,-0.02,-0.0,0.92,0.427,0.328,0.106,-0.054,0.57,-0.57,0.3,0.24,0.18,-0.33,-0.4,-1.2,0.11,-0.69,-0.39,-0.90,0.22,0.01,-0.01,-0.32,-1.68,0.93,164.0,164.0,E,E,destabilizing
2lzm,A,SER,38,ASP,S38D,42.3,34.0,1l19,A,ASP,38,SER,D38S,48.9,-34.0,-0.6,8771182,5.4,70,-0.1,0.16,0.37,0.03,-0.4,-0.09,-0.62,-0.09,0.382,-0.51,0.299,-0.641,-1.12,-0.08,0.78,0.39,-0.12,-0.44,0.12,-0.68,-0.3,-1.2,0.36,0.21,5.12,-1.58,-0.29,-0.38,-2.61,2.36,164.0,164.0,-,-,destabilizing
2lzm,A,ASN,55,GLY,N55G,74.8,-68.2,1l21,A,GLY,55,ASN,G55N,51.1,68.2,0.6,2511328,6.5,42,-0.57,0.83,-0.63,-1.41,-0.39,0.17,-0.63,-2.19,-0.098,-0.317,-0.251,-0.615,-0.17,0.17,-0.49,-1.32,1.07,1.66,-0.6,-1.41,-0.47,-0.49,-1.37,-0.82,1.29,-2.68,-0.68,-0.92,2.66,-1.45,164.0,164.0,T,S,stabilizing
2lzm,A,LYS,60,PRO,K60P,46.4,-39.0,1l56,A,PRO,60,LYS,P60K,44.3,39.0,0.0,1457724,6.5,65,0.7,-0.77,0.08,-1.0,-0.02,-0.66,-0.82,1.5,0.313,-0.484,0.256,-0.88,-1.01,1.1,0.24,-0.72,-0.37,-0.13,0.0,-1.53,-0.16,-0.24,-0.03,-1.22,0.86,-1.70,-0.19,-0.38,0.62,-2.44,164.0,164.0,H,H,stabilizing
2lzm,A,GLY,77,ALA,G77A,3.7,22.2,1l23,A,ALA,77,GLY,A77G,8.7,-22.2,-0.4,3477797,6.5,65,1.41,-0.51,-0.75,-1.56,-0.19,-1.37,-0.13,-1.95,-0.6,-1.711,-0.902,-1.446,3.12,-3.9,0.51,-1.55,0.47,1.48,-0.3,-1.52,0.22,-1.99,-0.08,-2.26,1.27,-1.04,-0.32,-1.12,2.81,-2.95,164.0,164.0,H,H,destabilizing
2lzm,A,ALA,82,PRO,A82P,73.9,41.0,1l24,A,PRO,82,ALA,P82A,71.9,-41.0,-0.8,3477797,6.5,65,0.89,-1.32,0.4,-0.63,0.62,-1.22,0.59,0.2,-0.205,-0.611,-0.392,-0.767,-0.41,0.41,0.69,-0.01,0.2,0.36,0.47,-2.31,0.05,0.04,0.56,-0.55,1.33,-1.14,-0.71,-0.01,2.99,-1.42,164.0,164.0,T,T,destabilizing
2lzm,A,LYS,85,ALA,K85A,35.5,-80.0,3c81,A,ALA,85,LYS,A85K,13.6,80.0,0.6,19384988,5.4,58,-0.03,-0.36,-0.35,-1.17,-0.88,-0.93,-1.09,-0.54,-0.604,-1.136,-0.757,-1.279,0.96,-0.95,0.06,-0.93,0.42,0.68,-0.67,-1.4,0.12,-1.38,-0.31,-2.04,-0.81,1.40,-0.19,-1.62,1.33,-0.41,164.0,164.0,H,H,stabilizing
2lzm,A,ASP,89,ALA,D89A,47.3,-41.0,3c83,A,ALA,89,ASP,A89D,42.7,41.0,0.5,19384988,5.4,58,0.0,-0.17,-0.57,-0.47,0.03,-0.67,-0.51,-0.2,-0.303,-0.257,-0.544,-0.415,1.57,-2.54,-0.49,-0.31,-0.37,0.72,-1.3,-0.9,-0.33,-0.2,-1.57,-0.50,0.75,-0.57,-0.31,-1.21,0.92,-1.74,164.0,164.0,H,H,stabilizing
2lzm,A,ARG,96,ALA,R96A,29.9,-81.2,3c7y,A,ALA,96,ARG,A96R,5.7,81.2,2.0,19384988,5.4,58,0.29,0.88,-1.31,-1.0,-1.04,-0.82,-1.16,-1.64,-1.436,-1.226,-1.623,-1.214,2.04,-3.66,-1.06,-0.95,1.7,1.03,-1.76,-0.96,-0.41,-1.59,-1.83,-0.77,-1.71,2.11,-1.51,-1.96,-0.16,0.76,164.0,164.0,H,H,stabilizing
2lzm,A,ARG,96,ASP,R96D,29.9,-40.2,3c8q,A,ASP,96,ARG,D96R,12.9,40.2,3.5,19384988,5.4,58,-0.65,1.11,-1.38,-0.6,-1.33,-0.15,-1.23,-0.6,-0.766,-0.563,-0.647,-0.662,-2.02,-0.26,-1.61,0.37,2.5,-0.64,-2.0,-0.77,-1.45,0.45,-2.12,-0.02,-3.96,-0.12,-2.0,-0.72,-6.43,-,164.0,164.0,H,H,stabilizing
2lzm,A,ARG,96,MET,R96M,29.9,-7.4,3cdv,A,MET,96,ARG,M96R,21.1,7.4,2.7,19384988,5.4,58,0.13,0.21,-0.49,-1.42,-0.31,-0.57,-0.54,-1.83,-1.0,-1.035,-0.915,-1.351,0.66,-0.65,-0.42,-1.43,0.48,1.68,-1.05,-1.59,0.37,-1.22,-1.91,-2.27,-0.81,1.04,-1.44,-0.83,-1.94,1.46,164.0,164.0,H,H,stabilizing
2lzm,A,ARG,96,GLU,R96E,29.9,-13.3,3c8s,A,GLU,96,ARG,E96R,22.9,13.3,2.5,19384988,5.4,58,-0.11,0.12,-1.23,-0.51,-0.44,-0.32,-0.29,-1.46,-0.458,-0.676,-0.45,-0.675,-0.05,-1.5,-1.33,0.02,2.12,0.74,-1.56,-0.92,-0.58,-0.35,-1.13,1.10,-1.78,-1.50,-1.93,-0.87,-1.44,-,164.0,164.0,H,H,stabilizing
2lzm,A,ARG,96,GLY,R96G,29.9,-103.4,3c8r,A,GLY,96,ARG,G96R,1.8,103.4,2.6,19384988,5.4,58,-0.36,0.36,-1.91,-0.76,-1.6,-0.31,-3.51,0.27,-2.145,-0.871,-1.993,-1.055,-1.54,1.54,-1.96,0.75,3.32,0.43,-2.75,-0.49,-1.3,-0.2,-1.83,-1.35,-3.14,3.55,-2.29,-1.51,-3.28,4.06,164.0,164.0,H,H,stabilizing
2lzm,A,ARG,96,GLN,R96Q,29.9,-13.3,3cdr,A,GLN,96,ARG,Q96R,21.1,13.3,0.3,19384988,5.4,58,0.23,0.14,-1.3,-0.64,-0.4,-0.3,-1.41,-1.01,-1.109,-0.452,-1.104,-0.593,-0.45,0.46,-1.49,0.4,1.72,0.71,-1.72,-0.83,-0.23,-0.59,-1.42,-0.17,-1.54,2.28,-2.02,-0.97,1.55,0.44,164.0,164.0,H,H,stabilizing
2lzm,A,ARG,96,HIS,R96H,29.9,-7.4,3f8v,A,HIS,96,ARG,H96R,19.2,7.4,3.1,19384988,5.4,58,-0.44,0.29,-1.67,-0.88,-0.59,-0.5,-1.6,-0.9,-2.225,-1.063,-2.002,-1.134,0.4,-0.4,-1.6,-0.84,2.48,0.19,-2.72,-0.5,-0.97,0.4,-2.00,0.57,-9.09,1.62,-2.03,-0.83,-6.62,-,164.0,164.0,H,H,stabilizing
2lzm,A,ARG,96,ASN,R96N,29.9,-35.2,3cdt,A,ASN,96,ARG,N96R,7.4,35.2,3.0,19384988,5.4,58,-0.76,0.37,-1.42,-0.67,-1.11,-0.78,-1.85,-2.74,-1.216,-0.171,-1.12,-0.361,-1.6,1.16,-1.73,0.34,2.1,1.37,-1.73,-1.12,-1.2,0.05,-1.76,-0.86,-1.81,1.27,-2.17,-0.79,-0.66,5.89,164.0,164.0,H,H,stabilizing
2lzm,A,ARG,96,LYS,R96K,29.9,-1.3,3c7w,A,LYS,96,ARG,K96R,21.7,1.3,0.0,19384988,5.4,58,-0.05,0.33,-1.42,-0.64,-0.4,-0.37,-1.58,-1.9,-1.241,-0.852,-1.266,-1.025,-0.83,0.83,-1.79,0.33,2.32,0.7,-1.94,-0.7,-0.2,-0.2,-1.88,-0.55,-0.14,-0.15,-2.18,-0.84,-1.02,-0.02,164.0,164.0,H,H,stabilizing
2lzm,A,ARG,96,SER,R96S,29.9,-74.3,3cdq,A,SER,96,ARG,S96R,8.4,74.3,2.6,19384988,5.4,58,-0.8,1.03,-1.46,-0.5,-1.63,-0.16,-1.94,-0.45,-2.057,-0.346,-2.048,-0.486,-0.68,-0.89,-1.57,0.17,2.46,0.11,-1.95,-0.82,-1.35,0.04,-1.96,-0.42,-2.10,-5.36,-1.98,-1.34,-5.64,-,164.0,164.0,H,H,stabilizing
2lzm,A,ARG,96,TYR,R96Y,29.9,39.8,3c80,A,TYR,96,ARG,Y96R,27.7,-39.8,4.7,19384988,5.4,58,-0.57,-0.08,-0.82,-1.24,-0.73,-0.7,-2.04,-0.32,-0.844,-1.364,-0.462,-1.447,-0.01,0.02,-0.79,-1.61,1.82,1.45,-1.52,-1.26,-0.19,-1.01,-1.78,-2.20,-10.83,0.20,-1.59,-0.96,-10.22,-7.02,164.0,162.0,H,H,stabilizing
2lzm,A,ARG,96,VAL,R96V,29.9,-29.0,3cdo,A,VAL,96,ARG,V96R,12.6,29.0,2.4,19384988,5.4,58,-0.35,0.37,-0.38,-1.98,-0.89,-0.63,-2.82,-1.49,-0.855,-1.394,-0.908,-1.351,0.66,-4.41,-0.09,-2.02,1.3,1.44,-1.28,-1.45,-0.11,0.42,-1.83,-2.12,-1.93,0.17,-1.61,-1.11,-4.09,-,164.0,162.0,H,H,stabilizing
2lzm,A,ARG,96,TRP,R96W,29.9,63.3,3fi5,A,TRP,96,ARG,W96R,23.1,-63.3,4.5,19384988,5.4,58,-0.33,0.47,-0.81,-1.5,-0.5,-1.16,-0.87,-0.43,-0.746,-1.878,-0.682,-2.122,2.5,-2.5,-0.82,-1.78,1.02,1.81,-1.57,-1.2,-0.03,-0.47,-1.70,-2.09,-9.51,-0.99,-1.14,-1.36,-3.77,-,164.0,164.0,H,H,stabilizing
2lzm,A,ALA,98,VAL,A98V,0.0,52.3,1l48,A,VAL,98,ALA,V98A,0.0,-52.3,4.9,1920439,3.0,40,-1.28,1.21,-0.99,-2.82,-1.31,-1.19,-2.46,-3.71,-0.022,-2.471,-0.175,-2.225,-0.18,-1.53,-1.56,-2.55,1.94,3.09,-3.93,-1.42,-0.1,-1.14,-3.56,-2.37,-3.81,-1.79,-2.0,-1.62,-9.37,5.63,164.0,164.0,H,H,stabilizing
2lzm,A,GLN,105,ALA,Q105A,29.6,-67.9,1l00,A,ALA,105,GLN,A105Q,35.9,67.9,0.6,8460110,5.8,66,0.06,0.12,-0.5,-0.41,-0.92,-0.76,-0.97,1.18,-0.652,-0.568,-0.713,-0.756,0.83,-0.83,-0.29,-0.53,-0.16,-0.46,-0.8,-1.06,-0.63,-0.11,-0.88,-1.19,-0.13,0.23,-1.04,-1.41,-2.34,-3.36,164.0,164.0,H,H,stabilizing
2lzm,A,GLN,105,GLU,Q105E,29.6,0.0,1l98,A,GLU,105,GLN,E105Q,35.3,0.0,1.1,8460110,5.8,66,-0.22,0.25,-0.55,-0.27,-0.76,0.04,-0.56,0.09,-0.194,-0.986,-0.331,-0.906,0.06,-0.06,-0.66,-0.17,0.17,-0.29,-0.78,-1.05,-0.68,0.1,-0.97,-0.42,-0.72,-0.53,-0.83,-0.35,-4.73,1.20,164.0,164.0,H,H,stabilizing
2lzm,A,GLN,105,GLY,Q105G,29.6,-90.1,1l99,A,GLY,105,GLN,G105Q,53.2,90.1,1.5,8460110,5.8,66,-0.23,0.58,-1.38,-0.15,-1.57,0.29,-1.37,2.69,-1.335,-0.358,-1.067,-0.724,-2.55,2.55,-1.1,-0.23,0.55,-0.75,-1.6,-0.94,-1.57,0.22,-1.10,-0.22,-1.09,1.06,-1.82,-0.53,-4.01,1.47,164.0,164.0,H,H,stabilizing
2lzm,A,GLY,113,ALA,G113A,61.3,22.2,1l60,A,ALA,113,GLY,A113G,70.8,-22.2,-0.3,1457724,6.5,65,-0.22,-0.26,0.36,-0.6,-0.18,-0.09,2.49,-1.47,0.233,-0.228,-0.11,-0.297,2.55,-2.54,0.57,-0.15,-0.61,-0.15,0.4,-1.56,0.01,-0.26,0.05,-1.52,0.22,-0.28,0.18,-0.46,2.73,-3.41,164.0,164.0,T,T,destabilizing
2lzm,A,THR,115,GLU,T115E,57.7,26.9,1l37,A,GLU,115,THR,E115T,62.3,-26.9,-0.3,1854726,6.5,65,0.18,-0.14,-0.08,0.7,0.02,-0.14,0.07,-0.37,0.82,-0.056,0.334,-0.23,2.4,-2.4,0.33,-0.92,-0.8,-0.73,-0.1,-0.67,0.57,-0.65,0.01,0.71,0.22,0.20,0.08,0.06,1.67,-2.52,164.0,164.0,H,H,destabilizing
2lzm,A,ASN,116,ASP,N116D,52.0,-5.0,1l57,A,ASP,116,ASN,D116N,52.8,5.0,-0.6,1911773,5.7,66,0.34,-0.49,0.32,0.39,0.31,-0.56,0.34,-0.56,0.241,0.415,-0.134,0.2,0.64,-0.42,0.66,0.42,-0.32,-0.69,0.24,-0.59,-0.01,-0.17,0.03,-0.35,1.63,-0.09,0.21,-0.27,-1.65,0.73,164.0,162.0,H,H,destabilizing
2lzm,A,ARG,119,GLU,R119E,44.4,-13.3,1l44,A,GLU,119,ARG,E119R,57.0,13.3,0.0,1942034,5.3,67,0.18,-0.17,-0.14,0.63,-0.06,-0.16,-0.65,-0.39,0.113,0.024,-0.01,-0.131,-0.54,-0.92,-0.16,0.89,0.45,-0.37,-0.14,-0.61,-0.45,-0.16,-0.32,1.11,0.61,-0.14,-0.14,0.14,0.54,0.83,164.0,164.0,H,H,stabilizing
2lzm,A,GLN,123,GLU,Q123E,51.7,0.0,1l38,A,GLU,123,GLN,E123Q,49.5,0.0,-0.4,1854726,6.5,65,-0.08,0.09,0.22,0.16,-0.12,-0.03,-0.02,-1.27,0.043,-0.452,-0.26,-0.545,0.06,-0.41,0.45,-0.04,0.31,0.46,0.2,-0.61,-0.22,-0.45,-0.05,-0.36,0.45,0.26,0.22,0.05,-3.00,1.85,164.0,164.0,H,T,destabilizing
2lzm,A,LYS,124,GLY,K124G,42.9,-102.2,1l22,A,GLY,124,LYS,G124K,35.7,102.2,0.1,2511328,6.5,42,1.66,-1.88,-0.39,-1.19,0.3,-1.63,-0.35,-1.83,-1.04,-1.116,-1.02,-1.078,0.99,-1.76,-0.1,-1.18,0.56,1.73,-0.1,-1.09,-1.25,-0.37,-0.23,-1.22,-0.18,-0.63,-0.12,-1.24,0.56,1.40,164.0,164.0,T,T,stabilizing
2lzm,A,VAL,131,ALA,V131A,55.1,-52.3,1l33,A,ALA,131,VAL,A131V,45.5,52.3,-0.3,1304917,2.0,41,0.54,-0.38,-0.02,0.1,0.28,-1.03,-0.43,-0.08,-0.393,-0.269,-0.789,-0.493,1.57,-1.57,0.29,-0.3,0.05,0.44,0.25,-0.17,-0.1,-0.5,0.12,-0.06,0.56,-0.53,0.01,-0.64,-2.04,-0.52,164.0,164.0,H,H,destabilizing
2lzm,A,VAL,131,ASP,V131D,55.1,-11.3,1dya,A,ASP,131,VAL,D131V,58.0,11.3,-0.1,8289284,3.0,53,0.43,-0.36,-0.43,0.44,0.29,-0.53,-0.38,-0.73,-0.239,0.397,-0.633,0.121,-0.47,0.48,0.16,0.42,-0.02,-0.25,-0.02,0.02,0.47,-0.53,-0.83,0.13,0.36,0.24,-0.4,0.16,0.60,2.32,164.0,162.0,H,H,destabilizing
2lzm,A,VAL,131,GLY,V131G,55.1,-74.5,1dyb,A,GLY,131,VAL,G131V,43.5,74.5,0.7,8289284,3.0,53,-0.23,-0.27,-0.89,-0.21,-0.66,-0.73,-0.59,0.23,-0.797,0.04,-0.964,-0.442,-2.1,2.11,-0.5,-0.03,0.53,-0.18,-0.78,0.09,-0.13,-0.54,-0.54,-0.84,0.01,0.06,-0.6,-0.39,0.28,1.44,164.0,162.0,H,H,stabilizing
2lzm,A,VAL,131,ILE,V131I,55.1,20.4,1dyc,A,ILE,131,VAL,I131V,60.2,-20.4,-0.2,8289284,3.0,53,0.07,0.11,0.4,0.14,-0.1,-0.1,0.05,0.01,-0.104,-0.302,-0.467,-0.616,0.35,-0.35,0.5,-0.29,-0.58,-0.23,0.26,-0.24,0.01,-0.23,0.08,-0.50,0.56,-0.63,-0.01,-0.26,0.95,-0.27,164.0,162.0,H,H,destabilizing
2lzm,A,VAL,131,LEU,V131L,55.1,27.7,1dyd,A,LEU,131,VAl,L131V,62.1,-27.7,-0.1,8289284,3.0,53,0.13,-0.15,0.18,-0.49,-0.01,-0.14,-0.09,0.12,-0.091,-0.288,-0.467,-0.607,0.63,-0.63,0.36,-0.18,-0.42,0.35,0.19,-0.48,0.2,-0.32,0.04,-0.66,0.83,-0.67,-0.1,-0.29,-1.20,0.57,164.0,162.0,H,H,destabilizing
2lzm,A,VAL,131,SER,V131S,55.1,-45.3,1dye,A,SER,131,VAL,S131V,60.6,45.3,0.1,8289284,3.0,53,0.43,-0.5,-0.55,0.45,0.05,-0.55,-0.33,-0.52,-0.354,0.016,-0.704,-0.268,-0.58,0.58,-0.24,0.74,0.03,-0.16,-0.15,0.22,0.41,-0.46,-0.58,0.38,0.38,-0.60,-0.53,0.24,-2.68,-1.54,164.0,162.0,H,H,stabilizing
2lzm,A,VAL,131,MET,V131M,55.1,21.6,1dyf,A,MET,131,VAL,M131V,64.4,-21.6,-0.1,8289284,3.0,53,0.09,-0.03,0.08,0.02,-0.09,0.02,0.08,-0.4,-0.017,-0.335,-0.253,-0.766,0.79,-0.79,0.19,-0.2,-0.53,0.16,0.22,-0.46,0.09,-0.17,0.06,-1.01,0.72,-0.77,-0.1,-0.31,-0.20,-0.05,164.0,162.0,H,H,destabilizing
2lzm,A,VAL,131,GLU,V131E,55.1,15.6,1dyg,A,GLU,131,VAL,E131V,63.9,-15.6,-0.2,8289284,3.0,53,0.91,-0.71,-0.42,0.53,0.59,-0.5,-0.09,0.07,-0.278,0.153,-0.741,0.003,1.29,-1.28,0.02,0.72,0.03,-0.03,0.1,0.11,0.64,-0.43,-0.04,0.56,0.80,-0.21,-0.31,0.11,-3.41,2.30,164.0,162.0,H,H,destabilizing
2lzm,A,LEU,133,ALA,L133A,0.6,-80.0,1l69,A,ALA,133,LEU,A133L,5.8,80.0,4.2,1304917,2.0,41,-0.78,0.79,-2.88,-0.24,-2.68,-0.12,-3.85,-0.76,-2.523,0.959,-2.23,0.77,-2.34,1.19,-2.08,-0.23,2.36,0.04,-4.2,0.25,-1.46,0.38,-3.73,-0.54,-3.30,0.26,-2.12,-0.79,-6.23,3.61,164.0,162.0,H,H,stabilizing
2lzm,A,LYS,135,GLU,K135E,65.0,-12.1,1l45,A,GLU,135,LYS,E135K,83.2,12.1,1.0,1942034,5.3,67,-0.32,0.27,0.03,-0.1,-0.19,0.22,-0.16,-0.68,0.253,0.71,0.112,0.473,0.07,-0.06,-0.27,-0.24,-0.31,-0.57,-0.36,-1.32,-0.11,-0.03,-0.51,-0.95,x,1.36,0.0,0.06,-0.76,-0.20,164.0,164.0,S,S,stabilizing
2lzm,A,ASN,144,ASP,N144D,67.0,-5.0,1l20,A,ASP,144,ASN,D144N,74.8,5.0,-0.4,8771182,5.4,70,0.28,-0.3,0.47,0.23,0.32,-0.25,0.29,-0.25,0.504,0.059,0.098,-0.214,0.43,-0.42,0.71,-0.01,-0.87,-0.94,0.31,-0.44,0.36,-0.27,0.19,-0.55,3.08,-1.33,0.03,-0.2,1.19,0.70,164.0,164.0,H,H,destabilizing
2lzm,A,LYS,147,GLU,K147E,38.0,-12.1,1l46,A,GLU,147,LYS,E147K,41.4,12.1,0.7,1942034,5.3,67,0.02,0.02,-0.33,-0.25,-0.42,-0.11,-0.11,-0.38,-0.247,-0.796,-0.51,-0.934,0.6,-1.28,-0.41,-0.18,0.7,0.72,-0.6,-1.68,-0.22,-0.37,-0.51,-1.93,-0.66,0.59,-0.53,-0.19,-0.51,1.96,164.0,164.0,H,H,stabilizing
2lzm,A,VAL,149,CYS,V149C,0.0,-37.8,1l53,A,CYS,149,VAL,C149V,0.0,37.8,2.2,1920439,3.0,40,0.05,-0.28,-2.08,-0.69,-1.28,-1.1,-1.41,-0.63,-1.707,-0.868,-1.536,-0.982,-1.08,0.23,-2.31,0.5,2.51,1.69,-2.1,-1.44,-0.96,-0.5,-2.47,0.48,-1.84,1.97,-2.0,-0.72,-3.27,2.38,164.0,164.0,H,H,stabilizing
2lzm,A,THR,152,SER,T152S,0.0,-34.0,1l52,A,SER,152,THR,S152T,0.0,34.0,2.6,1920439,3.0,40,0.27,-0.12,-1.43,-0.66,-1.25,-0.88,-0.83,-1.39,-2.244,-1.001,-2.01,-1.202,-1.65,0.54,-1.99,-0.31,2.79,1.81,-2.1,-0.43,-1.12,-0.21,-1.85,0.05,-1.27,0.45,-1.72,-1.02,0.47,1.41,164.0,164.0,H,H,stabilizing
2lzm,A,ARG,154,GLU,R154E,32.8,-13.3,1l47,A,GLU,154,ARG,E154R,45.4,13.3,1.1,1942034,5.3,67,-0.15,0.28,-0.58,0.2,-0.63,0.07,0.03,-0.42,-0.317,-0.323,-0.3,-0.406,-0.05,-1.41,-0.6,0.29,0.85,0.37,-0.43,-0.6,-0.96,0.01,-0.56,0.72,-0.48,0.63,-0.59,-0.01,-0.39,1.64,164.0,164.0,H,H,stabilizing
2lzm,A,GLY,156,ASP,G156D,20.3,63.2,1l16,A,ASP,156,GLY,D156G,37.6,-63.2,2.3,3680274,6.5,65,-1.52,1.58,-1.1,-0.66,-1.94,0.68,1.02,-1.21,-1.872,-0.561,-1.65,-0.623,-2.75,2.59,-1.43,-0.64,2.41,-0.02,-1.5,-1.73,-1.47,-0.74,-1.47,-0.02,-9.26,6.10,-1.49,-0.47,-10.81,6.86,164.0,164.0,S,S,stabilizing
2lzm,A,THR,157,ALA,T157A,32.1,-41.0,1l02,A,ALA,157,THR,A157T,26.2,41.0,0.5,1993203,3.0,54,-1.05,1.39,-1.08,-0.6,-1.74,0.48,-0.89,0.04,-0.983,-0.805,-1.036,-1.052,-0.24,0.07,-0.86,-0.56,0.95,1.24,-1.0,-1.28,-0.59,-0.26,-1.09,0.12,-1.79,0.78,-0.6,-1.09,0.94,3.58,164.0,164.0,S,S,stabilizing
2lzm,A,THR,157,CYS,T157C,32.1,-26.5,1l03,A,CYS,157,THR,C157T,42.1,26.5,1.3,24591301,2.0,42,-0.14,0.28,-1.15,0.04,-0.87,-0.04,-1.85,1.06,-0.345,-0.543,-0.58,-0.629,3.54,-2.94,-1.24,-0.02,0.91,1.11,-1.22,-1.59,-0.33,-0.25,-1.29,0.52,-0.89,-0.06,-0.73,-0.61,-1.80,1.49,164.0,164.0,S,S,stabilizing
2lzm,A,THR,157,ASP,T157D,32.1,0.0,1l04,A,ASP,157,THR,D157T,48.8,0.0,1.1,24591301,2.0,42,-0.11,-0.1,-1.25,0.15,-0.37,-0.18,-1.13,-0.12,-0.337,-0.01,-0.425,-0.268,-1.55,0.84,-1.08,-0.01,1.17,0.52,-1.2,-1.27,-0.42,-0.22,-1.31,-0.72,-1.12,-1.40,-1.22,-0.5,-3.10,1.61,164.0,164.0,S,S,stabilizing
2lzm,A,THR,157,GLU,T157E,32.1,26.9,1l06,A,GLU,157,THR,E157T,58.4,-26.9,0.8,1993203,3.0,54,-1.32,1.11,-1.24,0.29,-1.32,0.84,-1.25,0.16,-0.345,0.124,-0.453,-0.134,-1.24,0.64,-0.97,0.28,0.93,0.4,-1.25,-1.11,-0.47,-0.09,-1.11,0.73,-1.17,0.74,-0.97,-0.2,-3.97,3.43,164.0,164.0,S,S,stabilizing
2lzm,A,THR,157,PHE,T157F,32.1,72.7,1l07,A,PHE,157,THR,F157T,59.7,-72.7,2.4,24591301,2.0,42,-1.05,0.81,-0.7,-0.68,-1.04,0.39,-1.57,0.94,-1.297,-0.523,-1.389,-0.614,1.91,-0.84,-1.2,-0.66,1.11,0.22,-2.3,-1.58,-0.31,-0.06,-1.80,-1.69,-1.06,0.13,-1.72,-0.91,-2.43,2.92,164.0,164.0,S,S,stabilizing
2lzm,A,THR,157,GLY,T157G,32.1,-63.2,1l08,A,GLY,157,THR,G157T,27.3,63.2,1.1,24591301,2.0,42,-1.24,0.89,-1.86,-0.63,-1.78,0.66,-1.13,-0.34,-1.426,-0.686,-1.24,-1.068,-2.43,2.43,-1.97,-0.81,0.96,1.55,-1.2,-1.57,-0.56,-0.28,-1.25,-1.56,-1.99,-0.19,-1.04,-1.13,-1.33,0.26,164.0,164.0,S,S,stabilizing
2lzm,A,THR,157,HIS,T157H,32.1,32.8,1l09,A,HIS,157,THR,H157T,56.2,-32.8,2.1,24591301,2.0,42,-0.72,0.57,-1.67,-0.0,-0.8,0.24,-2.03,-0.22,-1.551,0.526,-1.599,0.522,0.13,0.06,-1.79,-0.11,1.67,0.15,-2.0,-0.99,-0.29,-0.18,-1.53,0.19,-0.87,0.30,-1.25,-0.54,1.39,4.70,164.0,164.0,S,S,stabilizing
2lzm,A,THR,157,ILE,T157I,32.1,31.6,1l10,A,ILE,157,THR,I157T,42.3,-31.6,1.5,1993203,3.0,54,-0.81,0.87,-1.24,-0.71,-0.88,0.17,-1.94,1.27,-0.423,-0.422,-0.59,-0.688,1.27,-0.43,-0.93,-0.58,0.64,0.68,-1.8,-1.82,-0.34,-0.23,-1.71,-1.83,-1.68,0.08,-0.81,-0.97,-4.34,1.10,164.0,164.0,S,S,stabilizing
2lzm,A,THR,157,LEU,T157L,32.1,39.0,1l11,A,LEU,157,THR,L157T,46.9,-39.0,1.7,1993203,3.0,54,-1.3,1.15,-1.09,-1.05,-1.36,0.56,-1.64,0.05,-0.488,-0.306,-0.59,-0.625,0.01,0.68,-0.78,-1.0,0.99,0.83,-1.4,-1.92,-0.31,-0.19,-1.50,-1.87,-1.73,-0.25,-0.79,-0.91,-1.76,0.07,164.0,164.0,S,S,stabilizing
2lzm,A,THR,157,ASN,T157N,32.1,5.0,1l12,A,ASN,157,THR,N157T,36.2,-5.0,1.2,1993203,3.0,54,-0.18,0.04,-0.99,0.09,-0.48,-0.41,-0.73,-0.3,-0.587,0.025,-0.669,-0.264,-1.28,0.7,-0.77,-0.15,1.02,0.91,-1.1,-1.33,-0.43,-0.15,-1.08,-0.46,-1.19,-0.39,-1.03,-0.32,-3.22,1.16,164.0,164.0,S,S,stabilizing
2lzm,A,THR,157,ARG,T157R,32.1,40.2,1l13,A,ARG,157,THR,R157T,49.4,-40.2,-0.3,1993203,3.0,54,-1.0,1.07,-0.86,-0.08,-1.11,0.5,-0.72,0.7,-0.237,-0.21,-0.441,-0.342,-0.06,-0.04,-0.59,-0.18,0.97,0.62,-1.0,-1.33,-0.35,-0.1,-0.89,-0.91,-0.48,0.71,-0.81,-0.69,0.68,1.25,164.0,164.0,S,S,destabilizing
2lzm,A,THR,157,SER,T157S,32.1,-34.0,1l14,A,SER,157,THR,S157T,23.4,34.0,0.7,24591301,2.0,42,0.04,-0.08,-0.97,-0.12,-0.78,-0.36,-0.55,-0.19,-0.758,-0.616,-0.933,-0.806,-0.32,0.14,-0.94,-0.2,1.0,1.08,-0.76,-1.09,-0.35,-0.4,-1.00,-0.40,-1.11,0.64,-0.77,-0.71,-2.12,2.14,164.0,164.0,S,S,stabilizing
2lzm,A,THR,157,VAL,T157V,32.1,11.3,1l15,A,VAL,157,THR,V157T,36.5,-11.3,1.2,1993203,3.0,54,-0.91,0.88,-1.17,-0.52,-0.93,0.17,-1.28,0.35,-0.503,-0.574,-0.709,-0.771,2.2,-0.94,-1.14,-0.49,1.28,0.52,-1.5,-1.45,-0.51,-0.21,-1.44,-2.39,-1.63,0.11,-0.74,-0.89,-3.28,-0.02,164.0,164.0,S,S,stabilizing
2rn2,A,ASP,10,ASN,D10N,9.0,5.0,1rda,A,ASN,10,ASP,N10D,7.1,-5.0,-0.9,8955106,6.0,50,0.75,-0.8,0.12,-0.76,0.14,-1.71,0.27,0.41,1.764,-1.884,1.732,-1.858,-0.28,0.12,0.87,-0.9,0.49,0.28,0.94,0.12,-0.13,-0.91,0.49,-1.63,2.57,-2.90,0.87,-0.53,3.80,-5.87,155.0,155.0,E,E,destabilizing
2rn2,A,GLU,48,GLN,E48Q,11.1,0.0,1rdb,A,GLN,48,GLU,Q48E,8.6,0.0,-0.2,8955106,6.0,50,0.3,-0.35,-0.14,-0.41,-0.07,-1.34,0.43,-2.79,-0.097,-2.431,-0.234,-2.383,-0.15,0.15,0.15,-0.18,2.3,-0.08,0.0,-0.32,-0.23,-1.2,-0.12,-0.69,-0.16,0.01,-0.36,-1.48,0.01,-2.13,155.0,155.0,H,H,destabilizing
2rn2,A,ALA,52,PHE,A52F,0.3,113.7,3aa5,X,PHE,52,ALA,F52A,0.7,-113.7,0.5,9228039,3.2,53,0.1,0.33,-0.48,-2.41,-0.18,-2.87,0.48,-1.78,-0.751,-2.575,-0.542,-2.328,-0.08,-2.6,0.19,-2.45,0.59,2.94,0.4,-2.69,0.12,-1.71,0.64,-2.01,-3.01,-3.65,-0.99,-,1.99,-7.23,155.0,153.0,H,H,stabilizing
2rn2,A,ALA,52,ILE,A52I,0.3,72.6,3aa2,A,ILE,52,ALA,I52A,0.0,-72.6,-1.9,9228039,3.2,53,0.36,-0.15,0.01,-2.85,-0.09,-2.33,0.83,-2.86,0.733,-3.123,0.555,-2.798,-0.01,-2.25,0.99,-2.66,-0.48,3.61,1.01,-2.96,0.35,-1.82,1.10,-2.80,2.26,-3.15,0.05,-,3.71,-5.33,155.0,153.0,H,H,destabilizing
2rn2,A,ALA,52,LEU,A52L,0.3,80.0,3aa3,A,LEU,52,ALA,L52A,0.0,-80.0,-1.3,9228039,3.2,53,0.56,-0.51,-0.11,-3.04,-0.12,-2.73,0.9,-3.25,0.734,-3.05,0.555,-2.723,0.04,-2.34,0.86,-3.34,-0.18,3.04,0.87,-2.91,0.61,-0.85,0.91,-3.30,2.06,-3.45,0.01,-2.26,-2.93,-5.00,155.0,155.0,H,H,destabilizing
2rn2,A,ALA,52,VAL,A52V,0.3,52.3,3aa4,A,VAL,52,ALA,V52A,0.0,-52.3,-1.7,9228039,3.2,53,0.17,-0.28,-0.1,-2.02,-0.34,-2.05,0.43,-2.02,0.302,-2.134,0.133,-1.916,-0.18,-1.53,0.88,-1.81,0.57,3.05,0.8,-2.15,-0.03,-1.48,1.15,-2.07,2.58,-2.07,0.04,-,4.06,-2.82,155.0,152.0,H,H,destabilizing
2rn2,A,HIS,62,ALA,H62A,66.1,-73.8,1rbs,A,ALA,62,HIS,A62H,53.2,73.8,-0.4,1645658,5.5,25,-0.22,0.21,-0.01,-0.87,-0.06,-0.4,-0.32,1.56,0.752,-0.89,0.791,-0.964,0.3,-0.3,0.04,0.6,-0.2,0.67,0.02,-0.79,-0.3,-0.41,0.57,-0.17,-0.47,-0.36,-0.15,-0.99,-1.86,8.51,155.0,155.0,-,-,destabilizing
2rn2,A,HIS,62,PRO,H62P,66.1,-32.8,1rbr,A,PRO,62,HIS,P62H,55.7,32.8,-1.1,1328237,5.5,25,0.35,-0.41,0.65,-1.28,0.17,-0.49,0.6,1.64,1.176,-0.477,1.272,-0.486,1.24,-0.74,0.55,-1.09,-0.43,0.56,1.0,-1.11,-0.03,-0.81,0.77,-1.55,0.16,-1.25,-0.11,-0.38,0.88,-2.17,155.0,155.0,-,-,destabilizing
2rn2,A,ASP,70,ASN,D70N,36.3,5.0,1rdc,A,ASN,70,ASP,N70D,27.4,-5.0,-0.9,8955106,6.0,50,0.36,-0.21,-0.18,-0.21,-0.1,-0.71,-0.21,-0.7,0.632,-1.011,0.596,-1.013,0.41,-0.4,0.31,0.15,0.92,-1.02,-0.2,-0.61,-0.66,0.06,0.54,-0.04,1.22,-2.13,0.66,0.31,1.92,-1.41,155.0,155.0,-,-,destabilizing
2rn2,A,VAL,74,LEU,V74L,0.5,27.7,1lav,A,LEU,74,VAL,L74V,0.0,-27.7,-1.0,3191114,5.5,53,0.28,-0.32,0.46,-1.06,-0.65,-1.31,0.36,-1.98,0.524,-0.647,0.346,-0.577,0.2,-1.38,0.98,-1.24,0.45,1.68,1.0,-1.19,0.05,-1.75,0.74,-1.07,1.23,-1.85,0.02,-0.62,1.03,-4.28,155.0,155.0,H,H,destabilizing
2rn2,A,VAL,74,ILE,V74I,0.5,20.4,1law,A,ILE,74,VAL,I74V,0.0,-20.4,-0.6,3191114,5.5,53,0.28,-0.19,0.61,-0.64,-0.73,-1.3,-0.07,-1.42,0.522,-0.828,0.346,-0.769,-0.1,-0.98,0.83,-0.75,0.39,0.56,0.6,-0.86,-0.48,-0.72,0.50,-0.94,0.37,-0.73,-0.16,-0.47,3.38,-0.58,155.0,155.0,H,H,destabilizing
2rn2,A,GLY,77,ALA,G77A,0.0,22.2,1gob,A,ALA,77,GLY,A77G,0.0,-22.2,0.9,8393706,3.0,50,1.65,-1.21,-0.8,-0.82,-0.13,-1.75,-0.11,-2.69,0.336,-1.613,-0.006,-1.284,2.72,-4.24,-0.76,-1.23,0.68,0.75,-0.8,-1.21,-0.19,-0.11,-0.87,-1.92,-2.49,-1.25,-0.16,-1.32,-3.88,-2.24,155.0,155.0,I,I,stabilizing
2rn2,A,LYS,95,ALA,K95A,61.8,-80.0,1rbv,A,ALA,95,LYS,A95K,58.2,80.0,-0.1,1331044,5.5,52,-0.85,0.52,0.26,-0.33,-0.98,0.13,0.11,0.36,-0.139,-0.552,-0.088,-0.784,-0.48,0.49,0.53,-0.16,0.26,0.25,0.2,-0.54,-0.17,-1.17,0.14,-2.54,-0.41,0.61,0.46,-1.05,-0.09,2.21,155.0,155.0,S,S,destabilizing
2rn2,A,LYS,95,GLY,K95G,61.8,-102.2,1rbt,A,GLY,95,LYS,G95K,50.6,102.2,-1.9,1331044,5.5,52,1.39,-1.52,-0.13,-0.71,0.84,-1.61,1.12,-1.22,-0.341,-0.673,-0.355,-0.819,0.95,-0.94,0.52,-0.56,0.24,2.04,1.6,-1.06,0.23,-0.72,1.16,-1.20,1.44,-3.60,0.71,-1.23,1.02,-0.41,155.0,155.0,S,S,destabilizing
2rn2,A,LYS,95,ASN,K95N,61.8,-34.0,1rbu,A,ASN,95,LYS,N95K,68.6,34.0,-0.9,1331044,5.5,52,0.41,-0.44,0.57,0.03,0.25,-0.27,-0.24,0.88,0.236,0.183,0.131,0.066,1.43,-1.43,0.98,-0.05,0.28,0.33,0.89,-0.91,0.21,-0.56,0.68,-0.27,0.27,0.04,0.62,-0.14,0.28,0.13,155.0,155.0,S,S,destabilizing
2rn2,A,ASP,134,ALA,D134A,33.9,-41.0,1kva,A,ALA,134,ASP,A134D,22.3,41.0,-2.1,8125123,5.5,50,0.44,-1.05,0.96,-0.64,0.03,-1.4,1.0,1.22,0.923,-2.203,0.617,-2.207,2.55,-2.54,1.59,-0.96,-0.62,0.0,0.99,-0.32,0.34,-1.44,1.12,-1.35,1.58,-1.31,1.16,-1.36,1.69,-,155.0,155.0,H,H,destabilizing
2rn2,A,ASP,134,HIS,D134H,33.9,32.8,1kvb,A,HIS,134,ASP,H134D,22.8,-32.8,-2.3,8125123,5.5,50,0.19,-0.12,0.67,-0.44,-0.11,-1.15,1.54,0.17,-0.546,-1.021,-0.665,-0.991,1.74,-1.73,1.32,-0.61,0.03,-0.54,0.63,-0.11,0.1,-0.89,1.14,-0.95,0.98,-1.42,1.0,-1.35,2.92,-6.93,155.0,155.0,H,H,destabilizing
2rn2,A,ASP,134,ASN,D134N,33.9,5.0,1kvc,A,ASN,134,ASP,N134D,15.6,-5.0,-1.0,8125123,5.5,50,0.21,-0.32,0.39,-0.59,-0.31,-1.04,-0.36,-0.93,0.484,-2.223,0.257,-2.211,0.69,-0.68,1.12,-0.82,-0.42,0.21,0.79,-0.22,0.09,-1.0,1.03,-1.63,3.00,-3.33,0.87,-0.11,1.14,-2.80,155.0,155.0,H,H,destabilizing
4lyz,A,MET,12,PHE,M12F,1.5,39.8,1ios,A,PHE,12,MET,F12M,0.0,-39.8,-0.5,11266617,5.5,35,0.29,-0.14,-0.73,-0.41,-0.74,-1.49,-0.34,-1.17,-1.204,-1.478,-1.176,-1.376,0.02,-0.31,0.47,-0.59,1.06,1.35,-1.12,-1.13,-0.94,-0.75,-0.30,-0.89,0.13,-1.25,-0.81,-0.81,5.79,-4.89,129.0,129.0,H,H,destabilizing
4lyz,A,MET,12,LEU,M12L,1.5,6.1,1iot,A,LEU,12,MET,L12M,3.7,-6.1,0.4,11266617,5.5,35,0.6,-0.6,-0.61,-0.86,-0.7,-0.95,0.78,1.0,-1.16,-1.136,-1.364,-1.047,-0.01,-0.8,-0.45,-0.97,0.72,1.55,-0.84,-1.11,-0.57,-1.34,-0.30,-1.14,0.41,0.27,-0.59,-0.64,2.17,-1.16,129.0,129.0,H,H,stabilizing
4lyz,A,THR,40,SER,T40S,0.8,-34.0,1her,A,SER,40,THR,S40T,1.8,34.0,0.3,8535241,6.4,74,0.0,-0.19,-0.41,-0.27,-1.33,-0.98,-2.14,-1.59,-1.45,-0.893,-1.436,-0.808,-0.64,-0.47,-0.47,-0.27,1.32,0.49,-0.37,-1.27,-1.72,-0.8,-0.98,0.17,0.01,0.16,-0.6,-0.47,1.40,-3.98,129.0,129.0,S,T,stabilizing
4lyz,A,GLY,49,ALA,G49A,22.3,22.2,1fn5,A,ALA,49,GLY,A49G,28.4,-22.2,0.7,11112507,2.7,25,-0.65,1.93,-1.3,-1.28,-0.79,0.71,-1.38,0.71,-0.468,-0.659,-0.547,-0.782,-1.25,1.73,-1.27,-1.39,1.24,0.29,-0.9,-1.33,-0.77,-0.38,-2.12,-2.91,-2.21,2.72,-0.8,-1.37,-4.11,3.13,129.0,129.0,S,S,stabilizing
4lyz,A,ILE,55,VAL,I55V,2.5,-20.4,1heo,A,VAL,55,ILE,V55I,1.3,20.4,0.9,8535241,6.4,74,0.0,-0.07,-0.98,0.37,-1.13,-0.74,-2.07,-1.2,-2.351,-1.22,-1.954,-1.105,-1.48,0.39,-1.36,-0.17,1.73,0.74,-1.01,-1.05,-1.48,-1.09,-1.14,-0.49,0.94,0.73,-1.08,-1.07,1.04,4.10,129.0,129.0,T,T,stabilizing
4lyz,A,ILE,58,MET,I58M,1.6,1.2,1ir8,A,MET,58,ILE,M58I,1.4,-1.2,1.2,11477222,5.5,35,-0.21,0.6,-1.45,-0.77,-1.0,-0.28,-3.5,0.9,-1.366,-1.045,-1.115,-1.27,-1.0,0.08,-1.55,-0.81,1.73,-0.54,-0.93,-0.4,-1.2,-0.27,-0.98,-0.84,2.61,-2.09,-1.76,-1.07,0.38,3.33,129.0,129.0,E,E,stabilizing
4lyz,A,GLY,67,ALA,G67A,80.6,22.2,1flu,A,ALA,67,GLY,A67G,73.5,-22.2,0.5,11112507,2.7,25,-0.9,0.98,-0.93,-0.91,-0.45,0.6,0.1,0.22,-0.064,0.148,-0.241,-0.253,-2.35,2.36,-1.37,-0.63,1.3,0.32,-1.22,-1.51,-0.16,-0.22,-1.33,-0.53,-2.79,2.14,-0.3,-1.09,-1.67,1.58,129.0,129.0,S,S,stabilizing
4lyz,A,GLY,71,ALA,G71A,37.0,22.2,1flw,A,ALA,71,GLY,A71G,73.8,-22.2,2.1,11112507,2.7,25,-0.39,1.17,-0.89,-0.64,-0.43,0.64,-1.12,2.1,-0.05,-0.183,-0.323,-0.452,3.27,1.8,-0.81,-0.46,0.5,-0.03,-0.04,-1.08,-0.72,-0.19,-0.40,-0.46,0.50,1.13,-0.27,-0.74,1.74,1.30,129.0,129.0,T,T,stabilizing
4lyz,A,ILE,78,MET,I78M,30.1,1.2,1ir7,A,MET,78,ILE,M78I,17.7,-1.2,0.9,11477222,5.5,35,-1.48,1.04,-0.96,-1.01,-1.23,0.0,-2.39,2.03,-0.424,-1.012,-0.342,-1.243,-0.64,0.64,-1.24,-0.93,0.95,1.4,-1.12,-1.35,-1.11,-0.71,-1.37,-2.43,0.45,-1.59,-0.99,-0.93,-1.20,-1.51,129.0,129.0,S,S,stabilizing
4lyz,A,SER,91,ALA,S91A,0.3,-6.9,1lsn,A,ALA,91,SER,A91S,6.0,6.9,0.2,8535241,6.4,74,1.33,-0.79,-0.81,-0.76,-0.13,-1.68,-1.68,1.01,-0.182,-1.828,-0.771,-1.729,2.85,-3.08,-0.27,-0.99,0.38,1.49,-0.25,-1.45,0.55,-2.71,-0.47,-2.08,1.06,-0.51,0.14,-0.73,2.07,-1.69,129.0,129.0,H,H,stabilizing
4lyz,A,SER,91,THR,S91T,0.3,34.0,1hem,A,THR,91,SER,T91S,3.5,-34.0,-1.0,8535241,6.4,74,-0.21,-0.19,-0.42,-0.7,-0.9,-1.44,-2.0,0.45,-0.412,-1.624,-0.735,-1.461,0.54,-1.65,-0.26,-0.97,0.3,1.29,0.5,-1.5,-0.02,-1.95,-0.31,-1.62,0.58,-1.80,-0.25,-0.63,1.24,-2.12,129.0,129.0,H,H,destabilizing
4lyz,A,ILE,98,MET,I98M,5.5,1.2,1ir9,A,MET,98,ILE,M98I,5.0,-1.2,0.9,11477222,5.5,35,-0.12,0.33,-1.2,-0.68,-0.95,-0.5,1.87,-0.8,-0.596,-0.925,-0.556,-1.146,-0.3,-0.62,-1.28,-0.54,0.42,0.07,-0.77,-0.67,-0.71,-0.48,-1.03,-0.81,-0.24,0.03,-1.19,-0.43,-0.76,1.13,129.0,129.0,H,H,stabilizing
4lyz,A,GLY,102,ALA,G102A,65.2,22.2,1fly,A,ALA,102,GLY,A102G,78.7,-22.2,1.2,11112507,2.7,25,-0.03,-0.74,-0.73,-0.69,-0.08,-0.67,0.54,1.26,-0.102,-0.056,-0.123,-0.154,-1.9,-2.54,0.78,-0.2,0.43,0.41,-0.32,-1.24,-0.17,-0.19,-0.19,-,-2.77,-0.34,-0.14,-0.56,-3.61,0.22,129.0,129.0,S,T,stabilizing
4lyz,A,GLY,117,ALA,G117A,90.0,22.2,1flq,A,ALA,117,GLY,A117G,93.1,-22.2,0.8,11112507,2.7,25,-1.37,1.26,-0.56,-0.55,-0.77,0.96,-1.65,2.1,-0.203,-0.011,-0.301,-0.3,-2.76,1.8,-0.54,-0.45,0.86,0.3,-1.17,-1.02,-0.17,-0.07,-0.85,-2.65,-3.54,0.90,-0.53,-0.91,-2.69,2.76,129.0,129.0,T,T,stabilizing
5pti,A,PHE,22,ALA,F22A,9.8,-113.7,1bti,A,ALA,22,PHE,A22F,3.8,113.7,1.2,7686069,2.0,25,-0.6,0.32,-2.47,-0.83,-2.63,-0.45,-2.67,-2.0,-3.433,-0.458,-3.065,-0.669,-3.27,0.59,-2.23,-0.71,1.96,0.85,-1.9,-0.67,-1.55,-0.3,-2.02,-0.53,-3.28,0.36,-1.33,-1.66,-7.73,6.47,58.0,58.0,E,E,stabilizing
5pti,A,TYR,23,ALA,Y23A,6.2,-121.0,1bpt,A,ALA,23,TYR,A23Y,3.4,121.0,5.9,7686069,2.0,25,-1.03,0.69,-1.95,-0.96,-3.04,-0.04,-3.29,-1.78,-4.069,-0.798,-3.761,-0.705,-2.63,-0.24,-2.82,-0.93,3.76,0.07,-5.39,-1.35,-1.85,-0.46,-2.51,-0.41,-1.70,1.71,-2.43,-1.51,-7.07,6.62,58.0,56.0,E,E,stabilizing
5pti,A,TYR,35,GLY,Y35G,7.3,-143.3,8pti,A,GLY,35,TYR,G35Y,17.3,143.3,5.0,7686069,2.0,25,0.22,-1.22,-3.03,-0.81,-2.85,-1.14,-3.29,-1.94,-4.223,-1.166,-3.861,-1.087,-4.61,-0.87,-4.18,-1.41,4.72,0.32,-3.92,-0.23,-2.0,-0.22,-3.87,-1.79,-3.68,-2.29,-3.76,-1.45,-9.28,-5.80,58.0,58.0,E,S,stabilizing
5pti,A,ASN,43,GLY,N43G,1.5,-68.2,1nag,A,GLY,43,ASN,G43N,15.9,68.2,5.7,7686069,2.0,25,-0.15,-0.35,-2.67,-1.13,-1.54,-0.8,-2.1,-0.06,-2.884,-0.499,-2.41,-0.663,-2.15,0.89,-4.18,-0.91,3.36,0.6,-5.6,-0.77,-0.91,-1.38,-4.50,-0.92,-1.80,-0.73,-2.92,-1.53,-8.98,4.16,58.0,56.0,S,S,stabilizing
5pti,A,PHE,45,ALA,F45A,7.3,-113.7,1fan,A,ALA,45,PHE,A45F,16.3,113.7,6.9,7686069,2.0,25,-1.41,1.18,-2.6,-0.77,-3.29,0.36,-5.0,4.56,-3.649,-1.274,-3.354,-1.271,-4.04,2.4,-3.88,-1.77,4.44,0.74,-5.92,-1.27,-1.52,-0.09,-3.66,-2.76,-3.11,3.19,-2.02,-1.53,-9.08,7.83,58.0,58.0,B,B,stabilizing
